Painter,Book,Volume,Works,Raw_Text
徽宗皇帝,画继,1,宣和睿覽集; 筠莊縱鶴圖; 奇峰散綺圖; 龍翔池鸂圖; 宣和睿覽冊; 北齊文宣幸晉陽; 野水無人渡; 孤舟盡日橫; 亂山藏古寺,徽宗皇帝，天縱將聖，藝極於神。即位未幾，因公宰奉清閑之宴，顧謂之曰：『朕萬幾餘暇，別無他好，惟好畫耳。』故秘府之藏，充牣填溢，百倍先朝。又取古今名人所畫，上自曹弗興，下至黃居寀，集為一百秩，列十四門，...
鄆王,画继,2,水墨筍竹; 墨竹; 蒲竹,鄆王，徽宗皇帝第二子也。稟資秀拔，為學精到。政和八年，射策於庭，名標第一，多士推服。性極嗜畫，頗多儲積。凡得珍圖，即日上進，而御府所賜，亦不為少，復皆絕品，故王府畫目，至數千計。又復時作小筆花鳥便面，...
令穰,画继,2,蘆雁,光州防禦使令穰，字大年，雅有美才高行，讀書能文。少年因誦杜甫詩，見唐人畢宏、韋偃，志求其跡，師而寫之。不歲月間，便能逼真。時賢稱嘆，以為貴人天質自異，意所專習，度越流俗也。其所作多小軸，甚清麗。雪景類...
令松,画继,2,江天晚景圖,令松，字永年，大年弟也，亦善丹青。浮休居士謝大年《江天晚景圖》雜言云：『神妙獨數李將軍，安知伯仲非前身？』則知其兄弟俱能，且筆墨俱得思訓格也。又山谷跋其畫夾云：『調麝煤作花果殊難工，永年遂臻此，殊不易...
士雷,画继,2,四時景; 春雪; 早悔; 小景,士雷，字公震，長於山水，清雅可愛。李錞希聲跋其《四時景》絕句，則可知其風旨矣。春云：『九江應共五湖連，尺素能開萬里天。山杏野桃零落處，分明寒食繞風前。』夏云：『繁陰雜樹映汀沙，三伏江天自一家。欲喚扁舟...
宗漢,画继,2,蘆雁; 八雁圖,嗣濮王宗漢，字獻甫，安懿王幼子也。少即敏慧，儀矩端莊，作《蘆雁》，有佳思。米元章題詩曰：『偃蹇汀眠雁，蕭梢風觸蘆。京塵方滿眼，速為喚花奴。』又曰：『野趣分弱水，風花剪鑒湖。塵中不作惡，為有鄴公圖。』元...
士暕,画继,2,烏夜啼; 高軒過圖,士暕，字明發，讀書能文。元符初，試宗室藝業，合格者八人，獨明發賜進士出身。嘗作春詞《烏夜啼》，掃除凡語，飄然寄興於煙霞之外，至今流傳，推為雅什。兼工畫藝，後山居士題其《高軒過圖》，詩曰：『滕王蛺蝶江都...
伯駒,画继,2,蟠檜怪石便面,伯駒，字千里，優於山水、花果、翎毛。光堯皇帝嘗命畫集英殿屏，賞賚甚厚。多作小圖，流傳於世，有所畫《蟠檜怪石便面》，在吉州團練使楊可弼良卿家。官至浙東路鈐轄。其弟路分伯驌，字希遠，亦長山水、花木，著色尤...
王詵,画继,2,觀音寶陀山狀小景; 煙江疊嶂圖; 房相宿因圖; 山陰陳跡; 雪溪乘興; 四明狂客; 西塞風雨圖; 著色山水,王詵，字晉卿，尚英宗女蜀國公主，為利州防禦使。雖在戚裏，而其被服禮義，學問詩書，常與寒士角。平居攘去膏粱，黜遠聲色，而從事於書畫。作寶繪堂於私第之東，以蓄其所有。而東坡為之記，東軒亦贈詩云：『錦囊犀軸...
劉明復,画继,4,麓山秋景,劉明復，為直龍圖閣，師李成，特細秀。作松枝而無向背，荊楚秀甚。浮休有鄧正字宅見劉明復所畫《麓山秋景》五十六言云：『洛陽才子見長沙，自識中丹鬢未華。文武全才皆不試，丹青妙筆更誰加。老杉列在皇堂上，小景將...
主簿,画继,4,折枝,鄢陵王主簿，未審其名，長於花鳥。東坡有書所畫《折枝》二詩，其一云：『論畫以形似，見與兒童鄰。為詩必以詩，定知非詩人。詩畫本一律，天工與清新。邊鸞雀寫生，趙昌花傳神。如何此兩幅，疏淡含精勻。誰言一點紅，...
李世南,画继,4,秋景平遠,李世南，字唐臣，安肅人。明經及第，終大理寺丞。嘗與晁無咎同試諸生，無咎有求橫幅長篇，又有題扇詩，蓋長於山水也。東坡亦嘗題其《秋景平遠》云：『人間斤斧日創夷，果見龍蛇百尺姿。不是溪山曾獨往，何人解作掛猿...
薛判官者,画继,4,秋溪煙竹,"薛判官者，不得其名。浮休題其所作《秋溪煙竹》云：『深墨畫竹竹明白，淡墨畫竹竹帶煙。高堂忽爾開數幅，半隱半見如自然。』者是也。
..."
靳東發,画继,4,百諫圖,"靳東發，字茂遠，其高祖太尉，即射撻覽者，官止敘倅。其性多能，尤工畫藝，人目之為『靳百會』。近世畫手，少作故事人物，頗失古人規鑒之意，茂遠獨集古今諫諍百事，以為圖，號《百諫圖》，誠可尚者。
..."
陳直躬,画继,4,雁; 雁,"陳直躬，高郵人也。坡有題所畫《雁》二詩云：『野雁見人時，未起意先改。君從何處看，得此無人態。』者是也。而無咎集中有和蘇翰林題李甲畫《雁》二首，乃用此韻，不知何謂也。
..."
睂山老書生,画继,4,七才子入關圖,"睂山老書生，不得其名。作《七才子入關圖》，山谷謂人物亦各有意態，以為趙雲子之苗裔。摹寫物象漸密，而放浪閑遠，則不逮也。
..."
雍秀才,画继,4,草蟲八物; 捕魚圖贊,雍秀才，不知何許人。坡有詠所畫《草蟲八物》詩。詩意每一物，譏當時用事者一人，如『升髙不知囘，竟作粘壁枯』，以比介甫；『初來花爭妍，倏去鬼無跡』，以比章惇。今詩與畫俱刊石流傳於世。又作畫《捕魚圖贊》，載...
黃斌老,画继,4,橫竹; 墨竹十二韻,黃斌老，不記名，潼州府安泰人，文湖州之妻侄也。登科，嘗任戎倅，適山谷貶戎州，與定交。且通譜，善畫竹。山谷有詠其《橫竹》詩，又謝斌老送《墨竹十二韻》云：『吾子學湖州，師逸功已倍。預知更入神，後出遂無對。...
黃彜,画继,4,風雨竹,黃彜，字子舟，斌老之弟。其名字初非彜與子舟也，山谷以其尚氣，故取二器以規之。自後折節遂為粹君子。舉八行，終朝郎郡倅。山谷用贈斌老韻謝子舟為余作《風雨竹》兩篇，前篇云：『歲寒十三本，與可可追配。』後篇云...
劉明仲,画继,4,墨竹賦,"劉明仲，善作竹，山谷為作《墨竹賦》。
..."
黃與迪,画继,4,竹,"黃與迪，善畫竹，山谷次韻謝與迪所作《竹》五幅云：『吾宗墨修竹，心手不自知。』但不知為何人，任子淵詩註，亦不及之。
..."
楊吉老,画继,4,贈文潛甥克一學與可畫竹,楊吉老，文潛甥也。文潛嘗云：『吾甥楊吉老，本不好畫竹，一旦頓解，便有作者風氣。揮灑奮迅，初不經意，森然已成，愜可人意。其法有未具，而生意超然矣。』無咎亦有《贈文潛甥克一學與可畫竹》詩。克一，吉老字也。...
成子,画继,4,成生畫山水歌,"成子，不得其名。山谷詩云：『成子寫浯溪，下筆便造極。』徐師川亦有《成生畫山水歌》云：『成子貌古心亦古，造化為工筆端取。玄冬起雷夏造冰，翻手為雲覆手雨。』
..."
喬仲常,画继,4,河中圖; 龍宮散齋; 山居羅漢; 淵明聽松風; 李白捉月; 玄真子西塞; 列子御風,"喬仲常，河中人，工雜畫，師龍眠。圍城中思歸，一日，作《河中圖》贈邵澤民侍郎，至今藏其家。又有《龍宮散齋》手軸、《山居羅漢》、《淵明聽松風》、《李白捉月》、《玄真子西塞》、《列子御風》等圖，傳於世。
..."
劉松老,画继,4,佛掌骨記,劉松老，字榮祖，書學元章，畫師東坡。成都李才元家有四軸山水，上有印文云：『巨濟震子名松老者』八字，可見其高怪不隨俗也。成都《佛掌骨記》，實榮祖筆，特借米老名耳。予見此本在張恭州彌明家，後歸一豪族，價三...
寶覺,画继,5,畫史,"寶覺和尚，翎毛、蘆雁不俗。嘗畫一鶴，王安上純甫，一見以謂薛稷筆，取去。元章《畫史》屢稱其能。
..."
仲仁,画继,5,煙外遠山; 平沙遠水,仲仁，會稽人，住衡州花光山。一見山谷，出秦、蘇詩卷，且為作梅數枝，及《煙外遠山》，山谷感而作詩記卷末：『雅聞花光能墨梅，更乞一枝洗煩惱。寫盡南枝與北枝，更作千峰倚晴昊。』又見其《平沙遠水》，題雲：『此...
法能,画继,5,五百羅漢圖,法能，吳僧也。作《五百羅漢圖》，少遊為之記雲：『昔戴逵常畫佛像，而自隱於帳中，人有所否臧，輒竊聽而隨改之，積年而就。』意法能研思，亦當若此，非率然而為之者也。雖然少遊獨能察人之畫，而不退思其作記時耶？...
智平,画继,5,觀音儀,"智平，成都清涼院僧也，善畫觀音。南商毛大節得其像以歸，過海，風浪大作，開展懇祈，光相忽現，如大月輪，長久之間，已數千里。侯溥賢良載之《觀音儀》中。今水陸院普賢閣所畫像，其徒虛己作水石，見存。
..."
祖鑒,画继,5,瑞像記,"祖鑒，成都僧，住不動尊院，師智平畫觀音。今大慈超悟院佛殿有十觀音。又於邛州鳳皇山畫觀音，一日，忽現五方圓相，直閣計敏功為作《瑞像記》，見存。
..."
虛己,画继,5,雪障; 山水,"虛己，成都柏林院僧，善山水，有圖軸傳世。今白馬院僧慧琳，本仕族，多蓄圖書，尊尚士大夫。入慈藍者，以為稅鞅之所。翻香煮茗，終日蕭然，不知身在囂塵中也。有虛己《雪障》及《山水》二圖，甚佳。
..."
覺心,画继,5,從犢圖詩,覺心，字虛靜，嘉州夾江農家，甚富。少好遊獵，一日，縱鷹犬，棄妻子出家，遊中原，作《從犢圖詩》。孔南明、崔德符見而愛之，招來臨汝，連住葉縣東禪、及州之天寧、香山三大剎，兵亂還蜀。邵澤民、劉中遠兩侍郎復喜...
智源,画继,5,看雲圖,"智源，字子豐，遂寧人。傳法牛頭山，工雜畫，尤長於人物、山水。嘗見《看雲圖》，畫一高僧，抱膝而坐石岸，昂首佇目，蕭然有出塵之姿，使人敬仰。不暇風格，其忘機之亞歟？
..."
智永,画继,5,瀟湘夜雨圖; 問歸篇,智永，成都四天王院僧。工小景，長於傳模，宛然亂真，其印湘之匹亞歟？初，宇文季蒙龍圖，喜其談禪，欲請住院，永牢辭曰：『智永親在，未能也。』於是售己所長，專以為養，不免徇豪富廛肆所好。今流布於世者，非其本...
郭道卿,画继,5,"窠植湖灘; 與渡水; <dfn class=""unicode-pua"" style=""border: 1px solid orange; background: yellow; font-style: normal; cursor: help;"" title=""此处原字符使用了Unicode私有区编码而无法识别，请协助查实修正。原字符为：，请注意在不同系统中的显示可能完全不同。""></dfn>草; 帶鴉; 病馬",郭道卿，字仲常。遊卿，字季能，熙之諸孫也。皆為郡守，頗有家學，仍善畫馬，其筆法真季孟也。今成都正法、保福兩院有壁傳《窠植湖灘》、《與渡水》、《草》、《帶鴉》、《病馬》等跡。遂寧官圃中，亦有松鹿石竹見...
文氏,画继,5,黃樓障,"文氏，湖州第三女，張昌嗣之母也，居郫。湖州始作《黃樓障》，欲寄東坡，未行而湖州謝世，遂為文氏奩具。文氏死，復歸湖州孫，因此二家成訟。文氏嘗手臨此圖於屋壁。暮年盡以手訣傳昌嗣，今昌嗣亦名世矣。
..."
程懷立,画继,6,傳神記,"程懷立，南都人。東坡作《傳神記》，謂：『傳吾神眾，以為爾得其全者。懷立舉止如諸生，蕭然有意於筆墨之外者也。』
..."
朱宗翼,画继,6,神州圖,"朱宗翼，畫院人也。嘗與任安合手畫慕容夫人宅堂影壁《神州圖》。樓觀、屋木，任安主之，山水、人物，宗翼主之。
..."
劉宗道,画继,6,照盆孩兒,"劉宗道，京師人。作《照盆孩兒》，以水指影，影亦相指，形影自分。每作一扇，必畫數百本，然後出貨，即日流布。實恐他人傳模之先也。
..."
燕文季,画继,6,花村曉月; 平江晚雨; 竹林暮靄; 松溪殘雪,"燕文季，神廟時人，工畫山水，清雅秀媚。予家舊有《花村曉月》、《平江晚雨》、《竹林暮靄》、《松溪殘雪》四時景，畫院謂之『燕家景』。
..."
王可訓,画继,6,瀟湘夜雨圖,王可訓，京西人，熙豐待詔也。工山水，自成一家。曾作《瀟湘夜雨圖》，實難命意。宋復古八景，皆是晚景。其間『煙寺晚鐘』、『瀟湘夜雨』，頗費形容。鐘聲固不可為，而瀟湘夜矣，又復雨作，有何所見？蓋復古先畫而後...
李宗晟,画继,6,水簾圖; 水簾圖,"李宗晟，作《水簾圖》，坡題云：『宗晟一軸《水簾圖》，寄與南舒李大夫。未向林泉歸得去，炎天酷日且令無。』
..."
賀真,画继,6,雪林,賀真，延安人，出自戎籍，專門山水。宣和初建寶真宮，一時名手，畢呈其技。有忌真者，推為講堂照壁，實難下手，真亦不辭，日醉酒於門。眾工皆畢，中使促真。真以幕圍壁，揮卻其徒，不數日成。作《雪林》，高八尺，觀...
宋處,画继,6,滿溪春溜圖,"宋處，不記名，邢州人。州署有郭熙《滿溪春溜圖》，乃宋所模。其名見林泉高致。
..."
趙林,画继,6,不雕圖; 步驟營丘,"趙林，字子安，懷州人。李士舉提刑家有林所畫《不雕圖》、《步驟營丘》。然方籍籍間，遽以疾亡，聞者惜之。
..."
戰德淳,画继,6,蝴蝶夢中家萬里; 蘇武牧羊假寐,"戰德淳，本畫院人，因試《蝴蝶夢中家萬里》題，畫《蘇武牧羊假寐》，以見萬里意，遂魁。能著色山，人物甚小，青衫白褲，烏巾黃履，不遺毫髮。又作紅花綠柳，清江碧岫，一扇之間，動有十里光景，真可愛也。
..."
楊祁,画继,6,百禽帳; 籠雞; 倦翼知還,"楊祁，彭州崇寧人。善花竹翎毛，有《百禽帳》。又畫《籠雞》如生，昭覺寺超然臺舊有《倦翼知還》等壁，今不復存。
..."
夏奕,画继,6,"野鴨<dfn class=""unicode-pua"" style=""border: 1px solid orange; background: yellow; font-style: normal; cursor: help;"" title=""此处原字符使用了Unicode私有区编码而无法识别，请协助查实修正。原字符为：，请注意在不同系统中的显示可能完全不同。""></dfn><dfn class=""unicode-pua"" style=""border: 1px solid orange; background: yellow; font-style: normal; cursor: help;"" title=""此处原字符使用了Unicode私有区编码而无法识别，请协助查实修正。原字符为：，请注意在不同系统中的显示可能完全不同。""></dfn>","夏奕，不知何地人，工翎毛。雙流張庭堅家，有《野鴨》兩軸，極精詳。作對而皆雄，蓋求脫俗也。
..."
李遵易,画继,7,魚圖,"李遵易，不知何郡人。無咎有跋畫《魚圖》，甚詳。
..."
陶縝,画继,7,果示德逢,"陶縝，不知何郡人。荊公有題所畫《果示德逢》詩。所作花果，精致可玩。薛誌，字子尚，畫院出身。長於水墨雜畫，然翎毛不逮花果。誌不善設色，嘗學於劉益，益不肯盡授，以非誌所長也。
..."
常粲,图画见闻志,2,孔子問禮; 山陽七賢,常粲，成都人，工畫佛道人物，善為上古衣冠。咸通中，路巖鎮蜀，頗加禮遇。有《孔子問禮》、《山陽七賢》等圖，並立釋迦、女禍、伏羲、神農、燧人等像傳於世。...
張南本,图画见闻志,2,勘書; 詩會; 高麗王行香,張南本，不知何許人，工畫佛道鬼神，兼精畫火。嘗於成都金華寺大殿畫八明王。時有一僧，遊禮至寺，整衣升殿，驟覩炎炎之勢，驚怛幾仆。時孫遇畫水，南本畫火，水火之形本無定質，惟於二子，冠絕古今。又嘗畫寶曆寺水...
胡瓌,图画见闻志,2,陰山; 七騎; 下程; 盜馬; 射鵰,胡瓌，范陽人。工畫蕃馬，雖繁富細巧，而用筆清勁。至於穹廬、什器、射獵、生死物，靡不精奇。凡畫駝馬騣尾、人衣毛毳，以狼毫縛筆疏渲之，取其纖健也。有《陰山》、《七騎》、《下程》、《盜馬》、《射鵰》等圖傳於...
荊浩,图画见闻志,2,山水訣; 四時山水; 三峯; 桃源; 天台,荊浩，河內人，博雅好古。善畫山水，自撰《山水訣》一卷。為友人表進，秘在省閣。常自稱洪谷子。語人曰：「吳道子畫山水，有筆而無墨；項容有墨而無筆。吾當采二子之所長，成一家之體。」故關同北面事之。有《四時山...
尹繼昭,图画见闻志,2,移新豐; 阿房宮; 吳宮,尹繼昭，不知何許人。工畫人物、臺閣，世推絕格。有《移新豐》、《阿房宮》、《吳宮》等圖傳於世。...
王浹,图画见闻志,2,導引圖,王浹，不知何許人。工畫人物。錢忠懿家有《導引圖》。...
胡擢,图画见闻志,2,三峽聞猿賦; 鸂 囗圖; 全株石榴; 四時翎毛; 折枝,胡擢，不知何許人。善狀花鳥，氣韻甚高。博學能詩，飄然有物外之志。常謂其弟曰：「吾思苦於三峽聞猿。」擢有《三峽聞猿賦》，人多膾炙。又常吟曰：「甕中每醞逍遙樂，筆下閒偷造化功。」其高情逸興如此。有《鸂 囗...
胡翼,图画见闻志,2,秦樓; 吳宮; 盤車; 洗馬; 回紋; 豐稔,胡翼，字鵬雲。工畫佛道人物，至於車馬樓臺，無施而不妙。趙喦都尉頗禮遇之，常延致門館。有《秦樓》、《吳宮》、《盤車》、《洗馬》、《回紋》、《豐稔》等圖傳於世。時多求借自古名筆，手自傳模，裝成卷軸。後題云...
王殷,图画见闻志,2,職貢; 遊春士女,王殷，工畫佛道士女，尤精外國人物。與胡翼並為趙喦都尉所禮，他人無及也。有《職貢》、《遊春士女》等圖、並粉本佛像傳於世。...
李羣,图画见闻志,2,玄中法師像; 孟說舉鼎; 赤松子; 八戒; 醉客,李羣，工畫人物，為時所稱。有《玄中法師像》、《孟說舉鼎》、《赤松子》、《八戒》、《醉客》等圖傳於世。...
杜霄,图画见闻志,2,鞦韆; 撲蝶; 吳王避暑,杜霄，工畫士女，富於姿態，妙得周昉之旨。有《鞦韆》、《撲蝶》、《吳王避暑》等圖傳於世。...
李靄之,图画见闻志,2,賣藥; 修琴; 歸山圖; 野人荷酒; 寒林,李靄之，華陰人。工畫山水寒林，有江鄉之思。鄴帥羅中令厚禮之，為建一亭為援毫之所，名金波亭。時號金波李處士也。有《賣藥》、《修琴》、《歸山圖》、《野人荷酒》、《寒林》並山水卷軸傳於世。...
朱簡章,图画见闻志,2,禹治水; 神仙傳; 胡笳十八拍; 鳳樓十八怨; 烟波漁父,朱簡章，工畫人物、屋木。有《禹治水》、《神仙傳》、《胡笳十八拍》、《鳳樓十八怨》、《烟波漁父》等圖傳於世。...
鄭唐卿,图画见闻志,2,梁祖名臣像,鄭唐卿，工畫人物，兼長寫貌。有《梁祖名臣像》並故事人物傳於世。...
支仲元,图画见闻志,2,老子誡徐甲; 蕭翼賺蘭亭; 商山四皓,支仲元，鳳翔人，工畫人物。有《老子誡徐甲》、《蕭翼賺蘭亭》、《商山四皓》等圖傳於世。...
鍾隱,图画见闻志,2,鷹隼雜禽; 周處斬蛟; 山水,鍾隱，天台上人，工畫鷙禽竹木。師郭乾暉，深得其旨。乾暉始秘其筆法，隱變姓名趨汾陽之門，服勤累月，乾暉不知其隱也。隱一日緣興於壁上畫鷂子一隻，人有報乾暉者，乾暉亟就視之，且驚曰：「子得非鍾隱乎？」隱再拜...
史瓊,图画见闻志,2,雪景雉免; 竹下引雛; 野雉,史瓊，善畫雉兔竹石。有《雪景雉免》、《竹下引雛》、《野雉》等圖傳於世。...
程凝,图画见闻志,2,六鶴圖; 折竹孤鶴; 湖灘遠水,程凝，善畫鶴竹，兼長遠水。有《六鶴圖》並《折竹孤鶴》、《湖灘遠水》等圖傳於世。...
王道古,图画见闻志,2,四時雀竹; 引雛; 鬥雀,王道古，善畫雀竹。有《四時雀竹》並《引雛》、《鬥雀》等圖傳於世。...
李坡,图画见闻志,2,折竹; 風竹; 冒雪踈篁,李坡，南昌人，唯善畫竹。氣韻飄舉，不事小巧。有《折竹》、《風竹》、《冒雪踈篁》等圖傳於世。...
唐垓,图画见闻志,2,柘棘野禽十種; 生菜; 魚鰕; 海物,唐垓，善畫野禽、生菜、水族諸物，世稱精妙。有《柘棘野禽十種》、《生菜》、《魚鰕》、《海物》等圖傳於世。...
王道求,图画见闻志,2,十六羅漢; 挾鬼鍾馗; 佛林弟子,王道求，工畫佛道鬼神、人物畜獸。始依周昉遺範，後類盧楞伽之迹。多畫鬼神及外國人物。龍蛇畏獸，當時名手推伏。大相國寺有畫壁，今多不存矣。有《十六羅漢》、《挾鬼鍾馗》、《佛林弟子》等圖傳於世。...
宋卓,图画见闻志,2,菩薩; 坐神,宋卓，工畫佛道。志學吳筆，不事傅彩。有白畫《菩薩》、粉本《坐神》等像傳於世。...
富玫,图画见闻志,2,彌勒內院圖; 白衣觀音; 文殊; 地藏; 慈恩法師,富玫，工畫佛道。有《彌勒內院圖》、《白衣觀音》、《文殊》、《地藏》、《慈恩法師》等像傳於世。...
黃延浩,图画见闻志,2,明皇吹玉笛; 五王同幄; 春園宴會; 乞巧,黃延浩，工畫人物。有《明皇吹玉笛》、《五王同幄》、《春園宴會》、《乞巧》等圖傳於世。...
張質,图画见闻志,2,村田鼓笛; 村社醉散; 踏歌,張質，工畫田家風物。有《村田鼓笛》、《村社醉散》、《踏歌》等圖傳於世。...
張圖,图画见闻志,2,釋迦像,張圖，河內雒陽人。嘗事梁祖，掌行軍糧籍，故人呼為張將軍。善潑墨山水，兼長大像。雒中廣愛寺有畫壁。又嘗見寇忠愍家有《釋迦像》一鋪，鋒鋩豪縱，勢類草書。實奇怪也。...
朱繇,图画见闻志,2,文殊普賢像,朱繇，長安人，工畫佛道，酷類吳生。雒中廣愛寺有《文殊普賢像》，長壽寺並河中府金真觀，皆有畫壁。...
李昇,图画见闻志,2,山水圖; 武陵溪; 青城; 峨嵋; 二十四化,李昇，成都人，工畫蜀川山水。始得唐張璪山水一軸，凝玩數日，云未盡善也。後遂心師造化，意出前賢。成都聖壽寺有畫壁，多寫名山勝境。仁顯云：「嘗於少監黃筌第，見昇《山水圖》，乃知名實相稱也。」有《武陵溪》、...
杜措,图画见闻志,2,秋日; 州路詩意圖,杜措，成都人，亦工畫山水。多作老木懸崖，回阿遠岫，殊多雅思。有《秋日》并《州路詩意圖》并山水卷軸傳於世。亦工佛像。...
杜子瓌,图画见闻志,2,毗盧像,杜子瓌，華陽人。工畫佛道，尤精傅彩，調鉛殺粉，別得其方。嘗於成都龍華東禪院畫《毗盧像》，坐赤圓光中、碧蓮華上，其圓光如初出日輪，破淡無迹，人所不到也。...
杜弘義,图画见闻志,2,文殊; 普賢; 水陸功德,杜弘義，蜀郡晉平人，工畫佛道高僧。成都寶曆寺有《文殊》、《普賢》并《水陸功德》。...
房從真,图画见闻志,2,諸葛武侯引兵渡瀘水; 寧王射獵; 陳登斫鱠; 常建冒雪入京,房從真，成都人，工畫人物蕃馬。事王蜀先主為翰林待詔。嘗於蜀宮板障上畫《諸葛武侯引兵渡瀘水》，人馬執戴，生動如神。蜀主每行至彼，駐而不進，怡然歎曰：「壯哉甲馬！」兼善撥筆鬼神，亦多寺壁。有《寧王射獵》、...
黃筌,图画见闻志,2,六鶴集; 四時山水; 花竹; 雜禽; 鷙鳥; 狐兔; 人物; 龍水; 佛道; 天王; 山居詩意; 瀟湘八景,黃筌，字要叔，成都人。十七歲事王蜀後主為待詔，至孟蜀加檢校少府監，賜金紫，後累遷如京副使。善畫花竹翎毛，兼工佛道人物、山川、龍水，全該六法，遠過三師。花鳥師刁處士，山水師李昇，人物龍水師孫遇也。孟蜀後...
高從遇,图画见闻志,2,天王,高從遇，道興之子，襲成父藝，事孟蜀為翰林待詔。曾於蜀宮大安樓下畫《天王》，隊仗甚奇。後遭兵火，廢絕矣。...
阮惟德,图画见闻志,2,宮中賞春; 公子夜宴; 按舞; 熨帛,阮惟德，知晦之子。紹精父業，事孟蜀為翰林待詔。尤善狀宮闈、禁苑、皇妃、帝戚、富貴之事。有《宮中賞春》、《公子夜宴》、《按舞》、《熨帛》等圖傳於世。...
趙元德,图画见闻志,2,漢高祖過豐沛; 盤車; 講學; 豐稔圖,趙元德，長安人，天復中入蜀。雜工佛道鬼神、山水屋木。偶唐季喪亂之際，得隋唐名手畫樣百餘本，故所學精博。有《漢高祖過豐沛》、《盤車》、《講學》、《豐稔圖》傳於世。...
趙忠義,图画见闻志,2,關將軍起玉泉寺圖,趙忠義，元德之子，事孟蜀為翰林待詔。雖從父訓，宛若生知。蜀後主嘗令畫《關將軍起玉泉寺圖》，作地架一座，垂疊栱，向背無失。蜀主命匠氏較之，無一差者，其精妙如此。嘗與高道興、黃筌輩同畫成都寺壁甚多。...
張玫,图画见闻志,2,長門醉客; 按樂; 擣衣; 漢唐名臣像,張玫，成都人，事孟蜀為翰林祗候。工畫人物士女，兼長寫貌。有《長門醉客》、《按樂》、《擣衣》等圖及《漢唐名臣像》傳於世。...
周行通,图画见闻志,2,李陵送蘇武; 支遁; 三雋奪馬,周行通，成都人，工畫鬼神、人馬、鷹犬、嬰孩，得其精要。有《李陵送蘇武》、《支遁》、《三雋奪馬》等圖傳於世。...
孔嵩,图画见闻志,2,蟬雀,孔嵩，蜀人，善畫龍，兼工蟬雀。與黃筌並師刁處士。成都廣福院壁有所畫龍，及有《蟬雀》等圖傳於世。...
滕昌祐,图画见闻志,2,四時花鳥; 魚; 龜; 猴; 兔; 梅花鵝; 茴香下睡鵝; 羣鵝泛蓮沼,滕昌祐，其先吳人，避地居蜀。工畫花鳥、蟬蝶、折枝、生菜。筆迹輕利，傅彩鮮澤，尤於畫鵝得名。有《四時花鳥》、《魚》、《龜》、《猴》、《兔》及《梅花鵝》、《茴香下睡鵝》，又有《羣鵝泛蓮沼》等圖傳於世。兼善...
王仁壽,图画见闻志,2,淨土彌勒下生; 八菩薩像; 征遼; 獵渭,王仁壽，汝南宛人，工畫佛道鬼神，兼長鞍馬。始師王殷，後學精吳法。晉末為契丹所掠，太祖受禪放還。相國寺文殊院有《淨土彌勒下生》二壁，淨土院有《八菩薩像》，及有《征遼》、《獵渭》等圖傳於世。...
衛賢,图画见闻志,2,春江釣叟圖; 漁父詞; 望賢宮; 滕王閣; 盤車; 水磨,衛賢，京兆人，事江南李後主為內供奉。工畫人物、臺閣。初師尹繼昭，後伏膺吳體。張文懿家有《春江釣叟圖》，上有李後主書《漁父詞》二首。其一曰：「閬苑有意千重雪，桃李無言一隊春。一壺酒，一竿鱗，快活如儂有幾...
陶守立,图画见闻志,2,山程早行圖; 海水; 十六羅漢像,陶守立，池陽人。江南李後主保大間應舉下第，退居齊山，以詩筆丹青自娛。工畫佛道鬼神、山川人物，至於車馬、臺閣，筆無偏善。嘗於九華草堂壁畫《山程早行圖》，及建康清涼寺有《海水》、李後主金山水閣有《十六羅漢...
丁謙,图画见闻志,2,葱,丁謙，晉陵義興人，工畫竹，兼善寫蔬果。寇忠愍家有寫生《葱》一軸，上有李後主題「丁謙」二字，非凡格也。此畫今歸王晉卿都尉家。...
楚安,图画见闻志,2,安姑蘇臺; 滕王閣,僧楚安，蜀人，善畫山水，點綴甚細。每畫一扇上《安姑蘇臺》或《滕王閣》，千山萬水，盡在目前。今蜀中扇面印版，是其遺範。仁顯云：「筆蹤細碎，全虧六法，非大手高格也」。...
智蘊,图画见闻志,2,毗盧像; 定光佛; 三災變相; 舞鍾馗圖,僧智蘊，河南人。工畫佛像、人物，學深曹體。雒中天宮寺講堂有《毗盧像》，廣愛寺有《定光佛》，福先寺有《三災變相》數壁。周祖時進《舞鍾馗圖》，賜紫衣。...
仁宗皇帝,图画见闻志,3,龍樹菩薩; 御馬; 小猿; 天王菩薩像,仁宗皇帝，天資頴悟，聖藝神奇。遇興援毫，超逾庶品。伏聞齊國獻穆大長公主喪明之始，上親畫《龍樹菩薩》，命待詔傳模鏤板印施。聖心仁孝，又非愚臣所能稱頌。若虛舊有家藏御畫《御馬》一疋，其毛赭，白玉銜勒，上有...
燕恭肅王,图画见闻志,3,鶴竹; 十六羅漢,燕恭肅王，位尊磐石，名重戚藩。天縱多能，精於像物。嘗觀所畫《鶴竹》，雪毛丹頂，傳警露之姿；翠葉霜筠，盡含烟之態。亦嘗自朽《十六羅漢》，令蜀人尹質描染，稜稜風骨，類非常格所能及。聞朱邸甚有遺迹，世罕得見...
皇弟嘉王,图画见闻志,3,墨竹圖,皇弟嘉王，維城茂美，副茅土之疆宗；醴席餘休，命毫煤而取適。嘗觀所畫《墨竹圖》，位置巧變，理應天真，作用縱橫，功齊造化。復愛狀鰕魚、蒲藻、筍籜、蘆花。雖居紫禁之嚴，頗得滄州之趣。筆意超絕，殆非學而知之者...
武宗元,图画见闻志,3,三十六天帝; 五聖圖; 帝釋梵王; 旃檀瑞像; 佛像; 天王; 九子母,武宗元，字總之，河南白波人，官至虞曹外郎。善畫佛道人物，筆術精高，曹、吳具備。嘗於雒都上清宮畫《三十六天帝》。其間赤明陽和天帝，潛寫太宗御容，以趙氏火德王天下故也。真宗祀汾陰，還經雒都，幸上清，歷覽繪...
郭忠恕,图画见闻志,3,屋木; 佩觹,郭忠恕，字恕先，洛陽人。少能屬文，七歲舉童子。初，周祖召為博士，後因爭忿於朝堂，貶崖州司戶。秩滿去官，不復仕，縱放岐、雍、陝、洛之間。善畫屋木、林石，格非師授。有設紈素求為圖畫者，必怒而去，乘興即自為...
文同,图画见闻志,3,一字至十字詩,文同，字與可，梓潼永泰人。今為司封員外郎、秘閣校理。善畫墨竹，富蕭灑之姿，逼檀欒之秀，疑風可動，不筍而成者也。復愛於素屏高壁狀枯槎老枿，風格簡重，識者珍愛。自賦《一字至十字詩》云：「竹，竹，森寒，潔綠...
董源,图画见闻志,3,滄湖山水; 山水; 春澤牧牛; 牛; 虎,董源，字叔達，鍾陵人，事南唐為後苑副使。善畫山水，水墨類王維，著色如李思訓。兼工畫牛、虎，肉肌豐混，毛毳輕浮，具足精神，脫略凡格。有《滄湖山水》、著色《山水》、《春澤牧牛》、《牛》、《虎》等圖傳於世。...
李成,图画见闻志,3,墓碣; 煙嵐曉景; 風雨四時山水; 松柏寒林,李成，字咸熙。其先唐宗室，避地營丘，因家焉。祖父皆以儒學吏事聞於時。至成，志尚沖寂，高謝榮進。博涉經史外，尤善畫山水寒林，神化精靈，絕人遠甚。「叙論」卷中已述。開寶中，都下王公貴戚，屢馳書延請，成多不...
宋澥,图画见闻志,3,烟嵐曉景; 奔灘怪石,宋澥，字則未聞，長安人。故樞密湜之弟，司封道之從祖也。姿度高潔，不樂從仕。圖畫之外，無所嬰心。善畫山水、林石，凝神遐想，與物冥通。遇興登樓，有時操筆，故人間不多見其迹。有《烟嵐曉景》、《奔灘怪石》等圖...
王靄,图画见闻志,3,太祖御容; 梁祖真像; 天王; 彌勒下生像,王靄，京師人。工畫佛道人物，長於寫貌，五代間以畫聞。晉末與王仁壽皆為契丹所掠，太祖受禪放還，授圖畫院祗候。遂使江表，潛寫宋齊丘、韓熙載、林仁肇真，稱旨，改翰林待詔。今定力院《太祖御容》、《梁祖真像》，...
高益,图画见闻志,3,搜山圖; 阿育王; 熾盛光; 九曜; 南國鬥象; 衛士騎射; 蕃漢出獵,高益，涿郡人，工畫佛道鬼神、蕃漢人馬。太祖朝，潛歸京師。始貨藥以自給，每售藥必畫鬼神或犬馬於紙上，藉藥與之，由是稍稍知名。時太宗在潛邸，外戚孫氏喜畫，孫氏有酒樓。一日，遇四老人飲酒有異，疑其神仙，因謂...
孫夢卿,图画见闻志,3,博义天王像,孫夢卿，東平人，工畫佛道人物，亦專吳學。尤長寺壁，謂之孫脫壁。嘗與王靄對畫開寶寺文殊閣下西北方毗樓《博义天王像》，並大相國寺甚有其迹，今多不存矣。...
趙光輔,图画见闻志,3,地獄變; 功德; 蕃馬,趙光輔，華原人，工畫佛道，兼精蕃馬。筆鋒勁利，名刀頭燕尾。太祖朝為圖畫院學生，故鄉里呼為趙評事。許昌開元、龍興兩寺皆有畫壁。浴室院《地獄變》尤佳。有《功德》、《蕃馬》等傳於世。...
孫知微,图画见闻志,3,熾盛光; 九曜; 功德; 壽寧九曜; 水聖侍從,孫知微，字太古，眉陽人。精黃老學，善佛道畫。於成都壽寧院畫《熾盛光》、《九曜》及諸墻壁，時輩稱伏。知微凡畫聖像，必先齋戒疏瀹，方始援毫。有《功德》并故事人物傳於世。知微始畫《壽寧九曜》也，令童仁益輩設...
勾龍爽,图画见闻志,3,功德,勾龍爽，蜀人，國初為翰林待詔。工畫佛道人物，善為古體衣冠，精裁密緻，亦一代之奇筆也。有《功德》并故事人物傳於世。...
李文才,图画见闻志,3,義興門街雙筍石,李文才，華陽人，工畫松石，兼長寫貌。事孟蜀為翰林待詔。廣政中，荊南高王令人入蜀，請文才寫《義興門街雙筍石》并其故事，又嘗寫蜀主并名臣真像於大慈寺，亦有圖軸傳於世。...
石恪,图画见闻志,3,唐賢像; 五丁開山; 巨靈擘太華; 新羅人角力,石恪，蜀人，性滑稽，有口辯，工畫佛道人物。始師張南本，後筆墨縱逸，不專規矩。蜀平，至闕下，嘗被旨畫相國寺壁。授以畫院之職，不就。堅請還蜀，詔許之。恪不樂都下風物，頗有譏誚雜言，或播人口。有《唐賢像》、...
趙長元,图画见闻志,3,東太一宮貴神像; 華嚴十六羅漢,趙長元，蜀人，工畫佛道人物，兼工翎毛。初隨蜀主至闕下，隸尚方彩畫匠人。因於禁中墻壁畫雉一隻，上見之嘉賞，尋補圖畫院祗候。今《東太一宮貴神像》、《華嚴十六羅漢》，並長元筆。...
王齊翰,图画见闻志,3,羅漢,王齊翰，建康人，事江南李後主為翰林待詔。工畫佛道人物。開寶末，金陵城陷，有步卒李貴入佛寺中，得齊翰所畫《羅漢》十六軸，尋為商賈劉元嗣以白金二百星購得之，齎入京師，於一僧處質錢。後元嗣詣僧請贖，其僧以過...
周文矩,图画见闻志,3,貴戚遊春; 擣衣; 熨帛; 繡女,周文矩，建康句容人，事江南李後主為翰林待詔。工畫人物、車馬、屋木、山川。尤精仕女，大約體近周昉，而更增纖麗。有《貴戚遊春》、《擣衣》、《熨帛》、《繡女》等圖傳於世。...
顧德謙,图画见闻志,3,蕭翼說蘭亭故事,顧德謙，建康人，工畫人物。風神清勁，舉無與比。李後主愛重之，嘗謂曰：「古有凱之，今有德謙。二顧相望，繼為畫絕矣！」識者以為知言。呂文靖家有《蕭翼說蘭亭故事》橫卷，青錦褾飾，碾玉軸頭，實江南之舊物。窺其...
侯翼,图画见闻志,3,三教聖像,侯翼，安定人，工畫佛道人物。夙振吳風，窮乎奧旨。長安、洛汭，寺壁尤多，兼有《三教聖像》、故事人物等圖傳於世。...
高文進,图画见闻志,3,擎塔天王; 降魔變相,高文進，從遇之子。工畫佛道，曹、吳兼備。乾德乙丑歲，蜀平，至闕下。時太宗在潛邸，多訪求名藝，文進遂往依焉。後以攀附授翰林待詔。未幾，重修大相國寺，命文進傚高益舊本畫行廊變相，及太一宮、壽寧院、啟聖院暨...
王道真,图画见闻志,3,給孤獨長者買祇陀太子園因緣; 誌公變; 十二面觀音像,王道真，蜀郡新繁人，工畫佛道人物，兼長屋木。太宗朝因高文進薦引，授圖畫院祗候。嘗被旨畫相國寺，并玉清昭應宮壁。今相國寺殿東畫《給孤獨長者買祇陀太子園因緣》、并殿西畫《誌公變》、《十二面觀音像》，其迹並...
張昉,图画见闻志,3,奏樂天女,張昉，臨汝人，工畫佛道人物，筆專吳體。嘗畫玉清昭應宮《奏樂天女》，高丈餘，掇筆而成。本郡開元寺有畫壁，亦佳手也。...
高元亨,图画见闻志,3,瓊林苑; 角抵; 夜市,高元亨，京師人。工畫佛道人物，兼長屋木，多狀京城市肆車馬。有《瓊林苑》、《角抵》、《夜市》等圖傳於世。...
楊朏,图画见闻志,3,波斯,楊朏，京師人，後家泗上。工畫佛道人物，尤於觀音得名天下。然而手足間時或小失停分，蓋於骨法用筆跨邁倫輩；是其小疵，不足以累大醇也。亦愛畫西南夷人，妙得其旨。世盛傳楊朏《波斯》。子圭，有父風。...
王兼濟,图画见闻志,3,十太乙像,王兼濟，河南洛陽人，工畫佛道鬼神。洛中南宮有《十太乙像》，嵩嶽廟有與武虞曹對畫墻壁。武畫出隊，兼濟畫入隊，眾所播傳也。...
陳用智,图画见闻志,3,功德; 蕃馬,陳用智，穎川郾城人，天聖中為圖畫院祗候。未久，罷歸鄉里。工畫佛道、人馬、山川、林木，精詳巧贍，難跨伊人。但意務周勤，格乏清致。有《功德》、《蕃馬》、故事人物等圖傳於世。用智居小窯鎮，多謂之小窯陳。...
陳士元,图画见闻志,3,嘉慶圖,陳士元，京師人，善畫人物屋木。有《嘉慶圖》、故事人物傳於世。...
葉進成,图画见闻志,3,醉道圖,葉進成，江南人，工畫人物。嘗見楊褒虞曹家有《醉道圖》，頗得閻令之體。...
童仁益,图画见闻志,3,青城山丈人觀諸仙; 左右龍虎君; 龍虎君; 漢明帝; 摩騰; 竺法三藏; 首楞嚴二十五觀,童仁益，蜀郡人，工畫人物尊像。出自天資，不由師訓，乃孫知微之亞也。嘗畫《青城山丈人觀諸仙》。淳化末，仁益以成都天慶觀仙遊閣下，舊有石恪畫《左右龍虎君》，遂抒思援毫，於天慶觀前亦畫《龍虎君》兩壁。及畫大...
毛文昌,图画见闻志,3,江村晚釣; 村童入學; 郊居豐稔,毛文昌，蜀郡人，工畫田家風物。有《江村晚釣》、《村童入學》、《郊居豐稔》等圖傳於世。...
武洞清,图画见闻志,3,雜功德; 十一曜; 二十八宿; 十二真人,武洞清，工佛道人物，特為精妙。有《雜功德》、《十一曜》、《二十八宿》、《十二真人》等像傳於世。...
陳坦,图画见闻志,3,高僧; 村醫; 村學; 田家娶婦; 村落祀神; 移居; 豐社,陳坦，晉陽人，工畫佛道人物。都下奉先、普安二佛剎尤多功德墻壁。相國寺北廊《高僧》，乃坦所畫。其於田家村落風景，固為獨步。有《村醫》、《村學》、《田家娶婦》、《村落祀神》、《移居》、《豐社》等圖傳於世。...
牟谷,图画见闻志,3,太宗御容; 太宗御容,牟谷，不知何許人。工相術，善傳寫，太宗朝為圖畫院祗候。端拱初，詔令隨使者往交趾國寫安南王黎桓及諸陪臣真像，留止數年。既還，屬宮車晏駕，未蒙恩旨，閒居閶闔門外。久之，真宗幸建隆觀，谷乃以所寫《太宗御容》...
尹質,图画见闻志,3,藥王像; 孫思邈像,尹質，蜀人，工傳寫。嘗寫燕王真，頗蒙顧遇。有《藥王像》、《孫思邈像》并畫猴傳於世。...
范寬,图画见闻志,4,冒雪高峯; 四時山水,范寬，字中立，華原人，工畫山水。理通神會，奇能絕世。體與關、李特異，而格律相抗。「叙論」卷中已述。寬儀狀峭古，進止疎野，性嗜酒、好道。嘗往來雍雒間，天聖中猶在，耆舊多識之。有《冒雪高峯》、《四時山水》...
劉永,图画见闻志,4,瀑泉; 四時山水; 山居詩意,劉永，京師人，工畫山水。始師僧德符，畫松石，後遍求諸家山水，採其所長而傚之。及見荊浩之迹，乃知諸家有所未盡。一日，復覩關同畫，俄歎曰：「是乃得名至藝者乎！向所謂登東山而小魯。」遂捐棄餘學，專法關氏。果...
王端,图画见闻志,4,佛道功德; 四時山水,王端，字子正，瓘之子，工畫山水。專學關同，得其要者惟劉永與端耳。相國寺淨土院舊有畫壁，惜乎主僧不鑒，遂至杇墁。端雖以山水著名，然於佛道、人馬，自為絕格。兼善傳寫，嘗寫真廟御容稱旨，授三班奉職。有《佛道...
許道寧,图画见闻志,4,山水寒林; 臨深履薄; 早行詩意; 潘閬倒騎驢,許道寧，長安人，工畫山水，學李光丞。始尚矜謹，老年唯以筆畫簡快為己任。故峯巒峭拔，林木勁硬，別成一家體。故張文懿贈詩曰：「李成謝世范寬死，唯有長安許道寧。」非過言也。長安涼榭中寫終南、太華二壁，今存。...
李宗成,图画见闻志,4,大濺撲; 風雨江山; 拜月圖; 四時山水; 松柏寒林,李宗成，鄜畤人，工畫山水寒林，學李成。破墨潤媚，取象幽奇。林麓江臯，尤為盡善。樞府東廳有《大濺撲》屏風，乃宗成所畫。石上有崔愨畫鷺鷥一隻。有《風雨江山》、《拜月圖》、《四時山水》、《松柏寒林》等傳於世...
黃居寀,图画见闻志,4,秋山圖歌; 四時山景; 花竹翎毛; 鷹鶻犬兔; 湖灘水石; 春田放牧,黃居寀，字伯鸞，筌之季子也。工畫花竹、翎毛。默契天真，冥周物理。「叙論」卷中已述。始事孟蜀為翰林待詔，與父筌俱蒙恩遇。圖畫殿庭墻壁、宮闈屏障，不可勝紀。學士徐光溥嘗獻《秋山圖歌》以美之。曾於彭州棲真觀...
丘慶餘,图画见闻志,4,四時花鳥; 蜂蟬; 竹枝,丘慶餘，潛之子，工畫花竹、翎毛，兼長草蟲。墨彩俱媚，風韻尤高。有《四時花鳥》、《蜂蟬》、《竹枝》等傳於世。...
徐熙,图画见闻志,4,翠微堂記; 寒蘆; 野鴨; 花竹; 雜禽; 魚蟹; 草蟲; 蔬苗; 果蓏; 四時折枝,徐熙，鍾陵人，世為江南仕族。熙識度閑放，以高雅自任。善畫花木、禽魚、蟬蝶、蔬菓。學窮造化，意出古今。「叙論」卷中已述。徐鉉云：「落墨為格，雜彩副之；迹與色不相隱映也。」又熙自撰《翠微堂記》云：「落筆之...
易元吉,图画见闻志,4,百猨圖; 百猨; 獐猿; 孔雀; 四時花鳥; 蔬果,易元吉，字慶之，長沙人。靈機深敏，畫製優長。花鳥蜂蟬，動臻精奧。始以花果專門，及見趙昌之迹，乃歎服焉。後志欲以古人所未到者馳其名，遂寫獐猿。嘗遊荊湖間，入萬守山百餘里，以覘猿狖獐鹿之屬，逮諸林石景物，...
崔白,图画见闻志,4,熾盛光; 十一曜; 坐神; 敗荷雪雁; 四時花鳥; 謝安登山; 子猷訪戴,崔白，字子西，濠梁人。工畫花竹翎毛。體製清贍，作用疏通。雖以敗荷鳧雁得名，然於佛道鬼神、山林人獸，無不精絕。凡臨素多不用杇，復能不假直尺界筆為長絃挺刃。熙寧初，命白與艾宣、丁貺、葛守昌畫垂拱殿御扆鶴竹...
崔慤,图画见闻志,4,敗荷雪雁; 四時花竹; 隔蘆睡雁,崔慤，字子中，白之弟也，今為左廷直。工畫花竹、翎毛，狀物佈景，與白相類。嘗觀《敗荷雪雁》及《四時花竹》，風範清懿，動多新巧。有時作《隔蘆睡雁》，尤多意思。...
董祥,图画见闻志,4,琉璃瓶中雜花折枝,董祥，京師人，今為翰林待詔。工畫花木。有《琉璃瓶中雜花折枝》，人多愛之。...
卑顯,图画见闻志,4,按御馬圖; 伯樂相馬; 秣馬; 渲馬,卑顯，不知何許人，真宗朝為翰林待詔。工畫馬，有韓幹之風，而筆力勁健。有《按御馬圖》、《伯樂相馬》、《秣馬》、《渲馬》等圖傳於世。...
馮清,图画见闻志,4,道經變相,馮清，陝郡閿鄉人，善畫橐駞，兼工平畫。景靈宮北廊墻壁《道經變相》，乃清之筆。...
董羽,图画见闻志,4,龍水; 海水; 龍水,董羽，毗陵人。有鄧艾之疾，語不能出，俗號董啞子。善畫龍水、海魚。始事江南為翰林待詔。既歸朝，領真命，為圖畫院藝學。鍾陵清涼寺，有李中主八分題名、李簫遠草書、羽畫海水，為三絕。又畫李後主香花閣圖屏。及歸...
任從一,图画见闻志,4,出水金龍; 龍水,任從一，京師人，仁宗朝為翰林待詔。工畫龍水、海魚，為時推賞。舊有金明池水心殿御座屏扆，畫《出水金龍》，勢力遒怪。今建隆觀翊教院殿後，有所畫《龍水》二壁。...
荀信,图画见闻志,4,看水龍,荀信，江南人，工畫龍水。真宗朝為翰林待詔。天禧中嘗被旨畫會靈觀御座扆屏《看水龍》，妙絕一時。後移入禁中。...
戚文秀,图画见闻志,4,清濟灌河圖,戚文秀，工畫水，筆力調暢。嘗觀所畫《清濟灌河圖》，旁題云：「中有一筆長五丈」。既尋之，果有所謂一筆者。自邊際起，通貫於波浪之間，與眾毫不失次序。超騰回摺，實逾五丈矣。...
朱澄,图画见闻志,4,雪景宴圖,朱澄，事江南為翰林待詔。工畫屋木。李中主保大五年，嘗令與高太冲等合畫《雪景宴圖》，時稱絕手。...
蔡潤,图画见闻志,4,舟車圖; 楚王渡江圖,蔡潤，鍾陵人，工畫船水。始隨李主至闕下，隸八作司彩畫匠人。後因畫《舟車圖》進上，上方知其名，遂補畫院之職。後令畫《楚王渡江圖》，藏於內府。以上各有圖軸傳於世。...
何霸,图画见闻志,4,瀟湘逢故人; 舶客,何霸，不知何許人，工畫船水，其名尤著。有《瀟湘逢故人》、《舶客》等圖傳於世。...
呂拙,图画见闻志,4,鬱羅霄臺樣,道士呂拙，京師人，工畫屋木。至道中為圖畫院祗侯。時方建上清宮，拙因畫《鬱羅霄臺樣》進上，恩改翰林待詔，不就。願於本宮為道士，尋得披挂，仍賜紫衣。拙畫屋木絕妙，然多以人物繁雜為累。以上各有圖軸傳於世。...
趙裔,图画见闻志,4,十現老君像; 蘇達挐太子變相; 士女看花,趙裔，不知何許人，工雜畫，兼長佛道人物。學朱繇，用筆少亞，而傅彩為精。有《十現老君像》、《蘇達挐太子變相》、《士女看花》等圖并四時花鳥傳於世。...
唐閻立本,图画见闻志,5,醉僧圖; 醉僧圖; 醉道圖,唐閻立本，至荊州觀張僧繇舊跡，曰：「定虛得名耳。」明日，又往，曰：「猶是近代佳手。」明日，往，曰：「名下無虛士。」坐臥觀之，留宿其下十餘日，不能去。又僧繇曾作《醉僧圖》傳於世，長沙僧懷素有詩云：「人人...
淨域寺者,图画见闻志,5,游目記碑,淨域寺者，本唐太穆皇后宅，後捨為寺。寺僧云：三階院門外是神堯皇帝射孔雀處。西禪院門外有《游目記碑》云：「王昭隱畫門西裏面和修吉龍王，有靈。及門內西壁，有畫光目藥义部落，絕奇。鬼首上蟠虵，可懼。東廊有張...
保壽寺,图画见闻志,5,石橋圖,保壽寺，本高力士宅。天寶九載，捨為寺。初鑄鐘成，力士設齋慶之，舉期畢至，一擊百千，有規其意，連擊二十杵者。其經藏閣規模危巧，兩塔上火珠受十餘斛。文宗朝，有河陽從事李涿者，性好奇古，與寺僧善。嘗與之同觀...
唐鄭谷,图画见闻志,5,雪; 歷代名畫記,唐鄭谷，有《雪》詩云：「亂飄僧舍茶煙濕，密灑歌樓酒力微。江上晚來堪畫處，漁人披得一蓑歸。」時人多傳誦之。段贊善善畫，《歷代名畫記》中有段去惑，豈非宮賛？因採其詩意景物圖寫之，曲盡蕭灑之思。持以贈谷，谷...
李益者,图画见闻志,5,征人歌; 早行篇,李益者，肅宗朝宰相揆之族子，登進士第，有才思，長於歌詩。有《征人歌》、《早行篇》，好事者盡圖寫為屏障，如「回樂峯前沙似雪，受降城外月如霜」之句是也。...
景祐中,图画见闻志,6,慈氏菩薩像,景祐中，有畫僧曾於市中見舊功德一幅，看之，乃是《慈氏菩薩像》。左邊一人執手爐，裹幞頭，衣中央服；右邊一婦人捧花盤，頂翠鳳寶冠，衣珠絡泥金廣袖。畫僧默識其立意非俗，而畫法精高，遂以半千售之，乃重加裝背，...
皇祐初元,图画见闻志,6,三朝訓鑒圖,皇祐初元，上敕待詔高克明等圖畫三朝盛德之事，人物纔及寸餘，宮殿、山川、鑾輿、儀衛咸備焉。命學士李淑等編次序讚之，凡一百事，為十卷，名《三朝訓鑒圖》。圖成，復令傳模鏤版印染，頒賜大臣及近上宗室。...
皇朝之盛,图画见闻志,6,本國八老圖; 行道天王,皇朝之盛，遐荒九譯來庭者，相屬於路。惟高麗國敦尚文雅，漸染華風，至於伎巧之精，他國罕比，固有丹青之妙。錢忠懿家有着色山水四卷，長安臨潼李虞曹家有《本國八老圖》二卷，及曾於楊褒虞曹家見細布上畫《行道天王...
