Name,Gender,DOB,POB,DOD,POD,Description,Image,ID,CBDB_ID
Q4103205,男,N/A,開封市,N/A,N/A,N/A,N/A,http://www.wikidata.org/entity/Q4103205,
宋迪,男,0,洛陽,0,N/A,N/A,N/A,http://www.wikidata.org/entity/Q10197451,2124
陳居中,男,,,,N/A,N/A,N/A,http://www.wikidata.org/entity/Q15897223,47873
范坦,男,,洛陽,,N/A,N/A,N/A,http://www.wikidata.org/entity/Q15905324,16923
燕肅,男,,益都,1040-01-01,N/A,N/A,N/A,http://www.wikidata.org/entity/Q17002150,4082
高克明,男,,絳州,,N/A,N/A,N/A,http://www.wikidata.org/entity/Q18015067,41982
李安忠,男,,,,N/A,N/A,N/A,http://www.wikidata.org/entity/Q28104548,40612
张敦礼,男,,開封市,,N/A,N/A,N/A,http://www.wikidata.org/entity/Q28415677,47198
赵宗汉,男,,,1109-01-01,N/A,N/A,N/A,http://www.wikidata.org/entity/Q30945636,50697
高述,男,0,丹徒,0,N/A,N/A,N/A,http://www.wikidata.org/entity/Q45357118,922
郭游卿,男,0,河陽,0,N/A,N/A,N/A,http://www.wikidata.org/entity/Q45357226,961
劉忱,男,0,洛陽,0,N/A,N/A,N/A,http://www.wikidata.org/entity/Q45357933,1225
畢良史,男,,上蔡,1150-01-01,N/A,N/A,N/A,http://www.wikidata.org/entity/Q45358459,1418
蔡肇,男,,丹陽,1119-01-01,N/A,N/A,N/A,http://www.wikidata.org/entity/Q45359053,1648
王利用,男,0,潼川府,0,N/A,N/A,N/A,http://www.wikidata.org/entity/Q45359580,1849
文勛,男,0,,0,N/A,N/A,N/A,http://www.wikidata.org/entity/Q45359866,1951
李結,男,0,烏程,0,N/A,N/A,N/A,http://www.wikidata.org/entity/Q45361621,3482
宋子房,男,0,榮陽,0,N/A,N/A,N/A,http://www.wikidata.org/entity/Q45362541,3806
王鞏,男,,莘縣,0,N/A,N/A,N/A,http://www.wikidata.org/entity/Q45365253,7084
張鎡,男,,吳縣,1207-01-01,N/A,N/A,N/A,http://www.wikidata.org/entity/Q45367565,10225
丘訥,男,,洛陽,,N/A,N/A,N/A,http://www.wikidata.org/entity/Q45368045,10371
劉松老,男,0,陽安,0,N/A,N/A,N/A,http://www.wikidata.org/entity/Q45369005,10661
賈公傑,男,0,開封,0,N/A,N/A,N/A,http://www.wikidata.org/entity/Q45372439,11756
林泳,男,0,福清,0,N/A,N/A,N/A,http://www.wikidata.org/entity/Q45375867,12902
尤叔保,男,0,無錫,0,N/A,N/A,N/A,http://www.wikidata.org/entity/Q45380115,14846
魯之茂,男,0,海鹽,0,N/A,N/A,N/A,http://www.wikidata.org/entity/Q45380305,15015
江參,男,0,信安,0,N/A,N/A,N/A,http://www.wikidata.org/entity/Q45380779,15430
彭皋,男,0,錢塘,0,N/A,N/A,N/A,http://www.wikidata.org/entity/Q45381342,15916
孔去非,男,0,寶豐,0,N/A,N/A,N/A,http://www.wikidata.org/entity/Q45381430,15949
秦湛,男,,高郵,,N/A,N/A,N/A,http://www.wikidata.org/entity/Q45381666,16029
蔣長源,男,0,吳縣,0,N/A,N/A,N/A,http://www.wikidata.org/entity/Q45381907,16118
錢仁熙,男,0,錢塘,0,N/A,N/A,N/A,http://www.wikidata.org/entity/Q45382270,16241
范正夫,男,0,長社,0,N/A,N/A,N/A,http://www.wikidata.org/entity/Q45383980,16753
吳環,男,0,錢塘,0,N/A,N/A,N/A,http://www.wikidata.org/entity/Q45386969,17704
賀某,男,0,吳縣,0,N/A,N/A,N/A,http://www.wikidata.org/entity/Q45388109,18064
趙叔盎,男,0,開封,0,N/A,N/A,N/A,http://www.wikidata.org/entity/Q45388841,18299
宋澥,男,0,長安,0,N/A,N/A,N/A,http://www.wikidata.org/entity/Q45389021,18360
郭道卿,男,0,溫縣,0,N/A,N/A,N/A,http://www.wikidata.org/entity/Q45392380,19510
李景道,男,0,無錫,0,N/A,N/A,N/A,http://www.wikidata.org/entity/Q45392797,19643
李景遊,男,0,無錫,0,N/A,N/A,N/A,http://www.wikidata.org/entity/Q45392801,19644
李景孟,男,0,無錫,0,N/A,N/A,N/A,http://www.wikidata.org/entity/Q45392805,19645
李時敏,男,0,華陽,0,N/A,N/A,N/A,http://www.wikidata.org/entity/Q45394047,20024
李時雍,男,0,華陽,0,N/A,N/A,N/A,http://www.wikidata.org/entity/Q45394045,20023
趙與懃,男,0,吳縣,0,N/A,N/A,N/A,http://www.wikidata.org/entity/Q45394700,20252
劉延世,男,0,新喻,0,N/A,N/A,N/A,http://www.wikidata.org/entity/Q45395239,20440
李仲宣,男,0,桐城,0,N/A,N/A,N/A,http://www.wikidata.org/entity/Q45395684,20573
邵少微,男,0,洛陽,0,N/A,N/A,N/A,http://www.wikidata.org/entity/Q45396586,20865
司馬槐,男,0,夏縣,0,N/A,N/A,N/A,http://www.wikidata.org/entity/Q45397731,21233
楊瓚,男,0,晉江,0,N/A,N/A,N/A,http://www.wikidata.org/entity/Q45402817,14510
俞珙,男,0,錢塘,0,N/A,N/A,N/A,http://www.wikidata.org/entity/Q45403176,22820
張浹,男,0,錢塘,0,N/A,N/A,N/A,http://www.wikidata.org/entity/Q45403182,22824
趙令晙,男,0,開封,0,N/A,N/A,N/A,http://www.wikidata.org/entity/Q45408260,25531
趙仲憪,男,0,開封,0,N/A,N/A,N/A,http://www.wikidata.org/entity/Q45409740,26322
高大亨,男,0,朐山,0,N/A,N/A,N/A,http://www.wikidata.org/entity/Q45416867,29914
廉布,男,0,山陽,0,N/A,N/A,N/A,http://www.wikidata.org/entity/Q45424159,33340
王道真,男,0,新繁,0,N/A,N/A,N/A,http://www.wikidata.org/entity/Q45428955,38240
艷艷,女,0,,0,N/A,N/A,N/A,http://www.wikidata.org/entity/Q45428958,39840
李覺,男,0,益都,0,N/A,N/A,N/A,http://www.wikidata.org/entity/Q45428967,24295
李雄,男,,,1239,N/A,N/A,N/A,http://www.wikidata.org/entity/Q45428991,38054
何充,男,0,德陽,0,N/A,N/A,N/A,http://www.wikidata.org/entity/Q45429003,30419
成子,男,0,臨海,0,N/A,N/A,N/A,http://www.wikidata.org/entity/Q45429042,25471
李茂,男,,南昌,,N/A,N/A,N/A,http://www.wikidata.org/entity/Q45429072,691471
李鬱,男,,平陽,,N/A,N/A,N/A,http://www.wikidata.org/entity/Q45429084,40742
葛守昌,男,0,開封府,0,N/A,N/A,N/A,http://www.wikidata.org/entity/Q45429094,37842
尹白,男,,開封府,,N/A,N/A,N/A,http://www.wikidata.org/entity/Q45429126,39942
朱懷瑾,男,,錢塘,,N/A,N/A,N/A,http://www.wikidata.org/entity/Q45429143,40044
周鼎臣,男,1123,永嘉,1183,N/A,N/A,N/A,http://www.wikidata.org/entity/Q45429165,24756
朱玉,男,0,錢塘,0,N/A,N/A,N/A,http://www.wikidata.org/entity/Q45429201,39344
王兼濟,男,0,洛陽,0,N/A,N/A,N/A,http://www.wikidata.org/entity/Q45429205,37944
牛戩,男,0,河南府,0,N/A,N/A,N/A,http://www.wikidata.org/entity/Q45429227,38644
吳璜,男,0,山陽,0,N/A,N/A,N/A,http://www.wikidata.org/entity/Q45429250,34331
王訓成,男,0,山東,0,N/A,N/A,N/A,http://www.wikidata.org/entity/Q45429271,37945
呂源,男,,,,N/A,N/A,N/A,http://www.wikidata.org/entity/Q45429317,41946
白思恭,男,0,,0,N/A,N/A,N/A,http://www.wikidata.org/entity/Q45429347,39146
武克溫,男,,上京路,,N/A,N/A,N/A,http://www.wikidata.org/entity/Q45429351,42246
宋良臣,男,0,管城,0,N/A,N/A,N/A,http://www.wikidata.org/entity/Q45429359,15397
李皓,男,,安肅,,N/A,N/A,N/A,http://www.wikidata.org/entity/Q45429574,40950
牟仲甫,男,0,隨州,0,N/A,N/A,N/A,http://www.wikidata.org/entity/Q45429643,39851
李昭,男,,閩縣,,N/A,N/A,N/A,http://www.wikidata.org/entity/Q45429648,688318
田松,男,0,舞陽,0,N/A,N/A,N/A,http://www.wikidata.org/entity/Q45429671,38751
吳九州,男,,燕,,N/A,N/A,N/A,http://www.wikidata.org/entity/Q45429676,41752
朱紹宗,男,0,,0,N/A,N/A,N/A,http://www.wikidata.org/entity/Q45429707,39852
李八師,男,,依政,,N/A,N/A,N/A,http://www.wikidata.org/entity/Q45429711,40753
武道光,男,,錢塘,,N/A,N/A,N/A,http://www.wikidata.org/entity/Q45429740,42254
吳進,男,,江南,,N/A,N/A,N/A,http://www.wikidata.org/entity/Q45429751,41552
李希成,男,,華州,,N/A,N/A,N/A,http://www.wikidata.org/entity/Q45429798,41253
田和,男,0,陝州,0,N/A,N/A,N/A,http://www.wikidata.org/entity/Q45429797,38753
何浩,男,,,,N/A,N/A,N/A,http://www.wikidata.org/entity/Q45429818,41955
釋寶覺,男,,,,N/A,N/A,N/A,http://www.wikidata.org/entity/Q45429829,40354
李煥,男,0,德興,0,N/A,N/A,N/A,http://www.wikidata.org/entity/Q45429864,36150
毛信卿,男,0,溫州,0,N/A,N/A,N/A,http://www.wikidata.org/entity/Q45429907,38556
李元濟,男,,太原府,,N/A,N/A,N/A,http://www.wikidata.org/entity/Q45429943,41156
王易,男,0,鄜州,0,N/A,N/A,N/A,http://www.wikidata.org/entity/Q45429976,39456
李益,男,0,常熟,0,N/A,N/A,N/A,http://www.wikidata.org/entity/Q45429982,19562
胡九齡,男,,絳縣,,N/A,N/A,N/A,http://www.wikidata.org/entity/Q45429980,43256
艾淑,男,0,建寧,0,N/A,N/A,N/A,http://www.wikidata.org/entity/Q45430012,39557
池州匠,男,0,,0,N/A,N/A,N/A,http://www.wikidata.org/entity/Q45430162,39259
朱羲,男,,江南,,N/A,N/A,N/A,http://www.wikidata.org/entity/Q45430208,40360
王居正,男,1087,江都,1151,N/A,N/A,N/A,http://www.wikidata.org/entity/Q45430242,22000
李蕃,男,,成都,,N/A,N/A,N/A,http://www.wikidata.org/entity/Q45430252,41063
何霸,男,,,,N/A,N/A,N/A,http://www.wikidata.org/entity/Q45430272,42161
田宗源,男,0,開封府,0,N/A,N/A,N/A,http://www.wikidata.org/entity/Q45430289,38862
王拙,男,,河東,,N/A,N/A,N/A,http://www.wikidata.org/entity/Q45430308,37664
石恪,男,,郫縣,,N/A,N/A,N/A,http://www.wikidata.org/entity/Q45430343,38563
周與權,男,,長沙,,N/A,N/A,N/A,http://www.wikidata.org/entity/Q45430341,42762
李正臣,男,,,,N/A,N/A,N/A,http://www.wikidata.org/entity/Q45430364,41163
李時澤,男,,遂寧,,N/A,N/A,N/A,http://www.wikidata.org/entity/Q45430419,41263
李南金,男,,樂平,,N/A,N/A,N/A,http://www.wikidata.org/entity/Q45430424,40865
武洞清,男,,長沙,,N/A,N/A,N/A,http://www.wikidata.org/entity/Q45430547,41265
王輝,男,,青州,1176-01-01,N/A,N/A,N/A,http://www.wikidata.org/entity/Q45430590,37866
丘慶餘,男,0,,0,N/A,N/A,N/A,http://www.wikidata.org/entity/Q45430611,39367
高懷節,男,,四川,,N/A,N/A,N/A,http://www.wikidata.org/entity/Q45430646,43568
高文進,男,,四川,,N/A,N/A,N/A,http://www.wikidata.org/entity/Q45430712,43569
王曉,男,0,泗州,0,N/A,N/A,N/A,http://www.wikidata.org/entity/Q45430761,37769
李明,男,,長安,,N/A,N/A,N/A,http://www.wikidata.org/entity/Q45430774,13882
胡舜臣,男,,,,N/A,N/A,N/A,http://www.wikidata.org/entity/Q45430825,43369
周詢,男,0,雍邱,0,N/A,N/A,N/A,http://www.wikidata.org/entity/Q45430833,2090
王穀,男,0,開封,0,N/A,N/A,N/A,http://www.wikidata.org/entity/Q45430907,36881
左建,男,0,河南府,0,N/A,N/A,N/A,http://www.wikidata.org/entity/Q45430905,38972
李遵易,男,,,,N/A,N/A,N/A,http://www.wikidata.org/entity/Q45430930,41271
李世南,男,,安肅,,N/A,N/A,N/A,http://www.wikidata.org/entity/Q45430932,40873
王晟,男,0,東明,0,N/A,N/A,N/A,http://www.wikidata.org/entity/Q45430970,1869
林俊民,男,,,,N/A,N/A,N/A,http://www.wikidata.org/entity/Q45430989,43175
李宗晟,男,,,,N/A,N/A,N/A,http://www.wikidata.org/entity/Q45431003,41075
水丘覽雲,男,0,臨安,0,N/A,N/A,N/A,http://www.wikidata.org/entity/Q45431009,38474
王持,男,0,長安,0,N/A,N/A,N/A,http://www.wikidata.org/entity/Q45431022,38173
李遵,男,,,,N/A,N/A,N/A,http://www.wikidata.org/entity/Q45431058,40872
朱象先,男,0,嘉興,0,N/A,N/A,N/A,http://www.wikidata.org/entity/Q45431074,39874
李頎,男,0,山陽,0,N/A,N/A,N/A,http://www.wikidata.org/entity/Q45431098,14253
杜孩兒,男,,開封府,,N/A,N/A,N/A,http://www.wikidata.org/entity/Q45431155,40377
李延之,男,,,,N/A,N/A,N/A,http://www.wikidata.org/entity/Q45431180,41275
孟應之,男,,,,N/A,N/A,N/A,http://www.wikidata.org/entity/Q45431237,42578
何淵,男,,,,N/A,N/A,N/A,http://www.wikidata.org/entity/Q45431257,41981
來子章,男,,,,N/A,N/A,N/A,http://www.wikidata.org/entity/Q45431272,42280
朱宗翼,男,0,,0,N/A,N/A,N/A,http://www.wikidata.org/entity/Q45431278,39679
呂漸,男,,洛陽,,N/A,N/A,N/A,http://www.wikidata.org/entity/Q45431336,41983
高懷寶,男,,四川,,N/A,N/A,N/A,http://www.wikidata.org/entity/Q45431341,43579
胡彥龍,男,,真州,,N/A,N/A,N/A,http://www.wikidata.org/entity/Q45431372,43081
侯某,男,0,合江,0,N/A,N/A,N/A,http://www.wikidata.org/entity/Q45431391,39579
周吉言,男,,,,N/A,N/A,N/A,http://www.wikidata.org/entity/Q45431404,42779
顧亮,男,,,,N/A,N/A,N/A,http://www.wikidata.org/entity/Q45431423,40179
麻某,男,0,京兆府,0,N/A,N/A,N/A,http://www.wikidata.org/entity/Q45431455,39580
朱象先,男,0,嘉興,0,N/A,N/A,N/A,http://www.wikidata.org/entity/Q45431456,39874
釋擇仁,男,,永嘉,,N/A,N/A,N/A,http://www.wikidata.org/entity/Q45431477,40783
宣亨,男,,開封,,N/A,N/A,N/A,http://www.wikidata.org/entity/Q45431489,42983
李明文,男,,成都,,N/A,N/A,N/A,http://www.wikidata.org/entity/Q45431506,41083
王顯道,男,0,,0,N/A,N/A,N/A,http://www.wikidata.org/entity/Q45431514,38479
戴某,男,0,崑山,0,N/A,N/A,N/A,http://www.wikidata.org/entity/Q45431517,39581
包寀,男,0,宣城,0,N/A,N/A,N/A,http://www.wikidata.org/entity/Q45431543,39281
任從一,男,,開封,,N/A,N/A,N/A,http://www.wikidata.org/entity/Q45431561,39983
李懷袞,男,,成都,,N/A,N/A,N/A,http://www.wikidata.org/entity/Q45431630,41484
李祐之,男,,,,N/A,N/A,N/A,http://www.wikidata.org/entity/Q45431637,41182
王華,男,0,餘姚,1522,N/A,N/A,N/A,http://www.wikidata.org/entity/Q45431640,30373
王可訓,男,0,京東西路,0,N/A,N/A,N/A,http://www.wikidata.org/entity/Q45431692,38383
朱瑩,男,1024,諸暨,1072,N/A,N/A,N/A,http://www.wikidata.org/entity/Q45431752,26693
洪子範,男,,開封府,,N/A,N/A,N/A,http://www.wikidata.org/entity/Q45431808,43288
田景,男,0,慶州,0,N/A,N/A,N/A,http://www.wikidata.org/entity/Q45431821,38786
胡錫,男,,錢塘,,N/A,N/A,N/A,http://www.wikidata.org/entity/Q45431827,43190
黃居寶,男,,,,N/A,N/A,N/A,http://www.wikidata.org/entity/Q45431880,41488
司馬寇,男,0,汝州,0,N/A,N/A,N/A,http://www.wikidata.org/entity/Q45431913,38888
李東,男,0,邵武,0,N/A,N/A,N/A,http://www.wikidata.org/entity/Q45431931,12528
趙大亨,男,0,,0,N/A,N/A,N/A,http://www.wikidata.org/entity/Q45431956,39588
包鼎,男,0,宣城,0,N/A,N/A,N/A,http://www.wikidata.org/entity/Q45431989,39289
宋永年,男,,臨江,,N/A,N/A,N/A,http://www.wikidata.org/entity/Q45431994,40188
衛松,男,0,,0,N/A,N/A,N/A,http://www.wikidata.org/entity/Q45432018,39589
李植,男,0,建德,0,N/A,N/A,N/A,http://www.wikidata.org/entity/Q45432046,996
王延嗣,男,0,當塗,0,N/A,N/A,N/A,http://www.wikidata.org/entity/Q45432050,22011
李誕,男,,河間,,N/A,N/A,N/A,http://www.wikidata.org/entity/Q45432065,40891
王木,男,0,,0,N/A,N/A,N/A,http://www.wikidata.org/entity/Q45432077,38491
趙千里,男,0,,0,N/A,N/A,N/A,http://www.wikidata.org/entity/Q45432083,39590
顧德謙,男,0,江寧府,0,N/A,N/A,N/A,http://www.wikidata.org/entity/Q45432123,39092
毛文昌,男,0,四川,0,N/A,N/A,N/A,http://www.wikidata.org/entity/Q45432143,38492
何世昌,男,0,,0,N/A,N/A,N/A,http://www.wikidata.org/entity/Q45432156,15955
屈用誠,男,,開封,,N/A,N/A,N/A,http://www.wikidata.org/entity/Q45432163,42191
朱大洞,男,0,錢塘,0,N/A,N/A,N/A,http://www.wikidata.org/entity/Q45432161,39494
李澄,男,0,連江,0,N/A,N/A,N/A,http://www.wikidata.org/entity/Q45432202,3477
趙晞遠,男,0,,0,N/A,N/A,N/A,http://www.wikidata.org/entity/Q45432207,39592
李權,男,0,,0,N/A,N/A,N/A,http://www.wikidata.org/entity/Q45432212,29191
房歛,男,,,,N/A,N/A,N/A,http://www.wikidata.org/entity/Q45432226,42192
王公道,男,0,,0,N/A,N/A,N/A,http://www.wikidata.org/entity/Q45432232,38295
尹質,男,,成都府,,N/A,N/A,N/A,http://www.wikidata.org/entity/Q45432274,40094
龔吉,男,0,,0,N/A,N/A,N/A,http://www.wikidata.org/entity/Q45432477,38997
邵斌,男,,,,N/A,N/A,N/A,http://www.wikidata.org/entity/Q45432488,42398
宋永錫,男,,四川,,N/A,N/A,N/A,http://www.wikidata.org/entity/Q45432494,40196
李漢舉,男,,,,N/A,N/A,N/A,http://www.wikidata.org/entity/Q45432506,41498
李宗成,男,,洛川,,N/A,N/A,N/A,http://www.wikidata.org/entity/Q45432514,40999
朱光普,男,0,開封,0,N/A,N/A,N/A,http://www.wikidata.org/entity/Q45432522,39599
顧師顏,男,0,莆田,0,N/A,N/A,N/A,http://www.wikidata.org/entity/Q45432559,26074
施義,男,,建康府,,N/A,N/A,N/A,http://www.wikidata.org/entity/Q45432556,43000
王友,男,0,漢州,0,N/A,N/A,N/A,http://www.wikidata.org/entity/Q45432579,38499
王登仕,男,0,華北平原/中原,0,N/A,N/A,N/A,http://www.wikidata.org/entity/Q45432582,38198
呂元亨,男,,江寧府,,N/A,N/A,N/A,http://www.wikidata.org/entity/Q45432596,42198
甘風子,男,0,,0,N/A,N/A,N/A,http://www.wikidata.org/entity/Q45432622,39101
林谷成,男,,長樂,,N/A,N/A,N/A,http://www.wikidata.org/entity/Q45432639,42899
牟谷,男,0,,0,N/A,N/A,N/A,http://www.wikidata.org/entity/Q45432665,39800
李德柔,男,,河東,,N/A,N/A,N/A,http://www.wikidata.org/entity/Q45432699,41202
吳俊臣,男,,江南,,N/A,N/A,N/A,http://www.wikidata.org/entity/Q45432697,41603
王友端,男,0,,0,N/A,N/A,N/A,http://www.wikidata.org/entity/Q45432824,38102
於青年,男,,常州,,N/A,N/A,N/A,http://www.wikidata.org/entity/Q45432847,42202
李思賢,男,,,,N/A,N/A,N/A,http://www.wikidata.org/entity/Q45432863,41303
呂拙,男,,開封,,N/A,N/A,N/A,http://www.wikidata.org/entity/Q45432869,41805
王珏,男,1112,烏程,1164,N/A,N/A,N/A,http://www.wikidata.org/entity/Q45432892,1796
何閣長,男,,,,N/A,N/A,N/A,http://www.wikidata.org/entity/Q45432946,42307
李達,男,,[未詳],,N/A,N/A,N/A,http://www.wikidata.org/entity/Q45432977,692567
顧洪祝,男,0,,0,N/A,N/A,N/A,http://www.wikidata.org/entity/Q45433005,39107
吳懷,男,,江南,,N/A,N/A,N/A,http://www.wikidata.org/entity/Q45433023,41708
王會,男,0,上饒,0,N/A,N/A,N/A,http://www.wikidata.org/entity/Q45433036,1822
任安,男,,,1135,N/A,N/A,N/A,http://www.wikidata.org/entity/Q45433055,39708
釋繼肇,男,,吳縣,,N/A,N/A,N/A,http://www.wikidata.org/entity/Q45433058,40306
李遠,男,0,湘潭,0,N/A,N/A,N/A,http://www.wikidata.org/entity/Q45433057,13064
眉山老書生,男,,眉州,,N/A,N/A,N/A,http://www.wikidata.org/entity/Q45433097,43406
李象坤,男,,,,N/A,N/A,N/A,http://www.wikidata.org/entity/Q45433114,41307
牟益,男,0,,0,N/A,N/A,N/A,http://www.wikidata.org/entity/Q45433112,39807
南簡,男,,平凉,,N/A,N/A,N/A,http://www.wikidata.org/entity/Q45433162,43407
句龍爽,男,0,四川,0,N/A,N/A,N/A,http://www.wikidata.org/entity/Q45433166,39208
吉祥,男,,陝西省,,N/A,N/A,N/A,http://www.wikidata.org/entity/Q45433220,660034
呂天策,男,,江陰,,N/A,N/A,N/A,http://www.wikidata.org/entity/Q45433225,42209
李瑛,男,,,,N/A,N/A,N/A,http://www.wikidata.org/entity/Q45433228,40611
賀真,男,0,延州,0,N/A,N/A,N/A,http://www.wikidata.org/entity/Q45433243,39712
李符,男,,內黃,,N/A,N/A,N/A,http://www.wikidata.org/entity/Q45433277,1019
辛成,男,,,,N/A,N/A,N/A,http://www.wikidata.org/entity/Q45433314,40210
宋莊,男,,榮陽,,N/A,N/A,N/A,http://www.wikidata.org/entity/Q45433441,40212
丁晞顏,男,0,,0,N/A,N/A,N/A,http://www.wikidata.org/entity/Q45433476,37914
高元亨,男,,開封,,N/A,N/A,N/A,http://www.wikidata.org/entity/Q45433477,43412
毛允昇,男,0,崑山,0,N/A,N/A,N/A,http://www.wikidata.org/entity/Q45433515,38514
周堯敏,男,,海鹽,,N/A,N/A,N/A,http://www.wikidata.org/entity/Q45433523,42714
吳迪,男,,,,N/A,N/A,N/A,http://www.wikidata.org/entity/Q45433567,41812
宋處,男,,邢州,,N/A,N/A,N/A,http://www.wikidata.org/entity/Q45433568,40214
李從訓,男,,錢塘,,N/A,N/A,N/A,http://www.wikidata.org/entity/Q45433674,40618
王述,男,,開封府,,N/A,N/A,N/A,http://www.wikidata.org/entity/Q45433711,3974
林彥祥,男,,,,N/A,N/A,N/A,http://www.wikidata.org/entity/Q45433777,43124
李公年,男,,,,N/A,N/A,N/A,http://www.wikidata.org/entity/Q45433820,40920
成宗道,男,,長安,,N/A,N/A,N/A,http://www.wikidata.org/entity/Q45433821,40218
周照,男,,,,N/A,N/A,N/A,http://www.wikidata.org/entity/Q45433834,42919
史顯祖,男,0,杭州,0,N/A,N/A,N/A,http://www.wikidata.org/entity/Q45433854,39219
周左,男,,,,N/A,N/A,N/A,http://www.wikidata.org/entity/Q45433906,42519
孟顯,男,,華池,,N/A,N/A,N/A,http://www.wikidata.org/entity/Q45433934,42423
顧大中,男,,江寧府,,N/A,N/A,N/A,http://www.wikidata.org/entity/Q45433953,40121
支選,男,0,,0,N/A,N/A,N/A,http://www.wikidata.org/entity/Q45433957,38521
周儀,男,,,,N/A,N/A,N/A,http://www.wikidata.org/entity/Q45433970,42521
何青年,男,,錢塘,,N/A,N/A,N/A,http://www.wikidata.org/entity/Q45433994,42123
王洪,男,0,四川,0,N/A,N/A,N/A,http://www.wikidata.org/entity/Q45434019,39624
樓觀,男,,錢塘,,N/A,N/A,N/A,http://www.wikidata.org/entity/Q45434076,40222
毛存,男,0,錢塘,0,N/A,N/A,N/A,http://www.wikidata.org/entity/Q45434102,38326
方椿年,男,0,錢塘,0,N/A,N/A,N/A,http://www.wikidata.org/entity/Q45434110,38925
丘士元,男,0,,0,N/A,N/A,N/A,http://www.wikidata.org/entity/Q45434112,39323
尹大夫,男,,,,N/A,N/A,N/A,http://www.wikidata.org/entity/Q45434147,40124
范彬,男,,錢塘,,N/A,N/A,N/A,http://www.wikidata.org/entity/Q45434161,43627
任粹,男,0,,0,N/A,N/A,N/A,http://www.wikidata.org/entity/Q45434243,39824
南安翁,男,,南安,,N/A,N/A,N/A,http://www.wikidata.org/entity/Q45434241,43424
田白,男,0,兗州,0,N/A,N/A,N/A,http://www.wikidata.org/entity/Q45434274,38725
任誼,男,0,,0,N/A,N/A,N/A,http://www.wikidata.org/entity/Q45434308,39826
周曾,男,,,,N/A,N/A,N/A,http://www.wikidata.org/entity/Q45434351,42826
李元崇,男,N/A,N/A,N/A,N/A,N/A,N/A,http://www.wikidata.org/entity/Q45434349,
劉朴,男,N/A,N/A,N/A,N/A,N/A,N/A,http://www.wikidata.org/entity/Q45434356,
王鼎,男,,,,N/A,N/A,N/A,http://www.wikidata.org/entity/Q45434363,509833
朱森,男,0,婺源,0,N/A,N/A,N/A,http://www.wikidata.org/entity/Q45434373,11902
王凝,男,0,安鄉,0,N/A,N/A,N/A,http://www.wikidata.org/entity/Q45434378,18257
李用及,男,,開封,,N/A,N/A,N/A,http://www.wikidata.org/entity/Q45434384,40929
王端,男,,河間,,N/A,N/A,N/A,http://www.wikidata.org/entity/Q45434395,691443
周珏,男,,,,N/A,N/A,N/A,http://www.wikidata.org/entity/Q45434435,42729
朱銳,男,0,河北路,0,N/A,N/A,N/A,http://www.wikidata.org/entity/Q45434436,39828
釋覺心,男,,夾江,,N/A,N/A,N/A,http://www.wikidata.org/entity/Q45434464,40328
李春,男,,[未詳],,N/A,N/A,N/A,http://www.wikidata.org/entity/Q45434497,695712
王元通,男,0,滄州,0,N/A,N/A,N/A,http://www.wikidata.org/entity/Q45434504,38029
李德茂,男,,河陽,,N/A,N/A,N/A,http://www.wikidata.org/entity/Q45434521,41232
李吉,男,,開封府,,N/A,N/A,N/A,http://www.wikidata.org/entity/Q45434541,40534
左幼山,男,0,,0,N/A,N/A,N/A,http://www.wikidata.org/entity/Q45434550,39031
周白,男,,,,N/A,N/A,N/A,http://www.wikidata.org/entity/Q45434551,42531
李章,男,0,濟源,0,N/A,N/A,N/A,http://www.wikidata.org/entity/Q45434667,985
朱漸,男,,,,N/A,N/A,N/A,http://www.wikidata.org/entity/Q45434759,39933
王道亨,男,0,導江,0,N/A,N/A,N/A,http://www.wikidata.org/entity/Q45434837,38235
白輝,男,0,錢塘,0,N/A,N/A,N/A,http://www.wikidata.org/entity/Q45434840,39137
李確,男,0,楚丘,0,N/A,N/A,N/A,http://www.wikidata.org/entity/Q45434872,20036
艾宣,男,0,江寧,0,N/A,N/A,N/A,http://www.wikidata.org/entity/Q45434881,37838
和成忠,男,,京西路,,N/A,N/A,N/A,http://www.wikidata.org/entity/Q45434911,42835
毛政,男,0,廬江,0,N/A,N/A,N/A,http://www.wikidata.org/entity/Q45434947,38537
白良玉,男,0,錢塘,0,N/A,N/A,N/A,http://www.wikidata.org/entity/Q45434948,39139
李士雲,男,,江寧府,,N/A,N/A,N/A,http://www.wikidata.org/entity/Q45434968,40839
王介,男,1158,金華,1213,N/A,N/A,N/A,http://www.wikidata.org/entity/Q45434988,10241
吳元瑜,男,,開封府,,N/A,N/A,N/A,http://www.wikidata.org/entity/Q45435001,41439
周純,男,0,永明,0,N/A,N/A,N/A,http://www.wikidata.org/entity/Q45435012,477
何尊師,男,,,,N/A,N/A,N/A,http://www.wikidata.org/entity/Q45435017,42239
姒頤真,男,,南陽,,N/A,N/A,N/A,http://www.wikidata.org/entity/Q45435027,42839
郭某,男,,,,N/A,N/A,N/A,http://www.wikidata.org/entity/Q45435135,477318
范安仁,男,,錢塘,,N/A,N/A,N/A,http://www.wikidata.org/entity/Q45435147,44100
唐希雅,男,,嘉興,,N/A,N/A,N/A,http://www.wikidata.org/entity/Q45435195,43691
刁光胤,男,,,,N/A,N/A,N/A,http://www.wikidata.org/entity/Q45435196,44201
唐異,男,,餘杭,,N/A,N/A,N/A,http://www.wikidata.org/entity/Q45435321,43703
馬隱,男,,開封,,N/A,N/A,N/A,http://www.wikidata.org/entity/Q45435435,44196
高洵,男,,開封,,N/A,N/A,N/A,http://www.wikidata.org/entity/Q45435458,43835
侯封,男,,邠州,,N/A,N/A,N/A,http://www.wikidata.org/entity/Q45435474,43675
袁㠖,男,,登封,,N/A,N/A,N/A,http://www.wikidata.org/entity/Q45435489,44155
侯翌,男,,涇州,,N/A,N/A,N/A,http://www.wikidata.org/entity/Q45435510,43698
侯必大,男,,,,N/A,N/A,N/A,http://www.wikidata.org/entity/Q45435521,43836
侯文慶,男,,開封,,N/A,N/A,N/A,http://www.wikidata.org/entity/Q45435540,43816
唐忠祈,男,,嘉興,,N/A,N/A,N/A,http://www.wikidata.org/entity/Q45435541,43976
侯宗古,男,,洛陽,,N/A,N/A,N/A,http://www.wikidata.org/entity/Q45435574,43879
段吉先,男,,,,N/A,N/A,N/A,http://www.wikidata.org/entity/Q45435577,44007
高益,男,,涿州,,N/A,N/A,N/A,http://www.wikidata.org/entity/Q45435587,43857
兼至誠,男,,,,N/A,N/A,N/A,http://www.wikidata.org/entity/Q45435584,44227
高彥實,男,,開封,,N/A,N/A,N/A,http://www.wikidata.org/entity/Q45435599,43847
侯守中,男,,,,N/A,N/A,N/A,http://www.wikidata.org/entity/Q45435641,43848
唐宿,男,,嘉興,,N/A,N/A,N/A,http://www.wikidata.org/entity/Q45435658,43689
高嗣昌,男,,開封,,N/A,N/A,N/A,http://www.wikidata.org/entity/Q45435656,44009
高燾,男,,沔州,,N/A,N/A,N/A,http://www.wikidata.org/entity/Q45435741,44590
馬永忠,男,,,,N/A,N/A,N/A,http://www.wikidata.org/entity/Q45435845,44323
祝次仲,男,,太平,,N/A,N/A,N/A,http://www.wikidata.org/entity/Q45435934,44353
孫懷說,男,,靈臺,,N/A,N/A,N/A,http://www.wikidata.org/entity/Q45435969,44715
袁仁厚,男,,四川,,N/A,N/A,N/A,http://www.wikidata.org/entity/Q45435984,44245
夏東叟,男,,,,N/A,N/A,N/A,http://www.wikidata.org/entity/Q45436004,44815
紀真,男,,,,N/A,N/A,N/A,http://www.wikidata.org/entity/Q45436031,44716
秦友諒,男,,常州,,N/A,N/A,N/A,http://www.wikidata.org/entity/Q45436046,44725
夏奕,男,,,,N/A,N/A,N/A,http://www.wikidata.org/entity/Q45436079,44556
郝章,男,,汾州,,N/A,N/A,N/A,http://www.wikidata.org/entity/Q45436083,44775
馬宋英,男,,溫州,,N/A,N/A,N/A,http://www.wikidata.org/entity/Q45436116,44597
孫夢卿,男,,鄆州,,N/A,N/A,N/A,http://www.wikidata.org/entity/Q45436209,44568
郝處,男,,江南,,N/A,N/A,N/A,http://www.wikidata.org/entity/Q45436246,44778
夏子文,男,,,,N/A,N/A,N/A,http://www.wikidata.org/entity/Q45436245,44699
夏森,男,,錢塘,,N/A,N/A,N/A,http://www.wikidata.org/entity/Q45436257,44609
靳詠,男,,,,N/A,N/A,N/A,http://www.wikidata.org/entity/Q45442207,49641
靳東發,男,,,,N/A,N/A,N/A,http://www.wikidata.org/entity/Q45442405,49644
路衙推,男,,,,N/A,N/A,N/A,http://www.wikidata.org/entity/Q45444373,49677
董祥,男,0,,0,N/A,N/A,N/A,http://www.wikidata.org/entity/Q45445135,25008
董常,男,,秀州,,N/A,N/A,N/A,http://www.wikidata.org/entity/Q45445201,49691
董琛,男,,江寧府,,N/A,N/A,N/A,http://www.wikidata.org/entity/Q45445329,49693
董贇,男,,長社,,N/A,N/A,N/A,http://www.wikidata.org/entity/Q45446222,49709
萬濟,男,,,,N/A,N/A,N/A,http://www.wikidata.org/entity/Q45448610,49748
葉森,男,,,,N/A,N/A,N/A,http://www.wikidata.org/entity/Q45450700,49781
葉仁遇,男,,江南,,N/A,N/A,N/A,http://www.wikidata.org/entity/Q45453162,49824
葉進成,男,,江南,,N/A,N/A,N/A,http://www.wikidata.org/entity/Q45454584,49846
葉漢卿,男,,,,N/A,N/A,N/A,http://www.wikidata.org/entity/Q45454714,49848
詹先野,男,,崇安,,N/A,N/A,N/A,http://www.wikidata.org/entity/Q45457077,49904
解處中,男,,江南,,N/A,N/A,N/A,http://www.wikidata.org/entity/Q45458225,49922
臺亨,男,,夏縣,,N/A,N/A,N/A,http://www.wikidata.org/entity/Q45462938,50002
翟院深,男,,益都,,N/A,N/A,N/A,http://www.wikidata.org/entity/Q45463821,50018
趙林,男,,懷州,,N/A,N/A,N/A,http://www.wikidata.org/entity/Q45465788,50055
趙彥,男,0,,0,N/A,N/A,N/A,http://www.wikidata.org/entity/Q45466426,34087
趙芾,男,,鎮江府,,N/A,N/A,N/A,http://www.wikidata.org/entity/Q45467002,50074
郝澄,男,,句容,,N/A,N/A,N/A,http://www.wikidata.org/entity/Q45469724,44843
趙廉,男,,開封府,,N/A,N/A,N/A,http://www.wikidata.org/entity/Q45470638,50135
郝士安,男,,榆次,,N/A,N/A,N/A,http://www.wikidata.org/entity/Q45472928,44909
張遠,男,,榆次,,N/A,N/A,N/A,http://www.wikidata.org/entity/Q45473120,44912
夏侯延祐,男,,四川,,N/A,N/A,N/A,http://www.wikidata.org/entity/Q45474839,44946
孫覺,男,1028,高郵,1090,N/A,N/A,N/A,http://www.wikidata.org/entity/Q45474970,1521
郝孝隆,男,,并州,,N/A,N/A,N/A,http://www.wikidata.org/entity/Q45475161,44952
趙子雲,男,,江南西路,,N/A,N/A,N/A,http://www.wikidata.org/entity/Q45476046,50225
員真,男,,江寧府,,N/A,N/A,N/A,http://www.wikidata.org/entity/Q45476119,44970
胡奇,男,,長安,,N/A,N/A,N/A,http://www.wikidata.org/entity/Q45476444,44975
趙子澄,男,,,,N/A,N/A,N/A,http://www.wikidata.org/entity/Q45476627,50235
趙士表,男,,,,N/A,N/A,N/A,http://www.wikidata.org/entity/Q45477218,50247
趙士衍,男,,,,N/A,N/A,N/A,http://www.wikidata.org/entity/Q45477285,50248
趙士暕,男,,,,N/A,N/A,N/A,http://www.wikidata.org/entity/Q45477951,50260
趙士腆,男,,,,N/A,N/A,N/A,http://www.wikidata.org/entity/Q45478229,50265
趙士雷,男,,,,N/A,N/A,N/A,http://www.wikidata.org/entity/Q45478434,50268
趙士遵,男,,,,N/A,N/A,N/A,http://www.wikidata.org/entity/Q45479174,50280
趙山甫,男,,鎮江府,,N/A,N/A,N/A,http://www.wikidata.org/entity/Q45480236,50299
趙元亨,男,,開封府,,N/A,N/A,N/A,http://www.wikidata.org/entity/Q45480554,50304
孫必達,男,,錢塘,,N/A,N/A,N/A,http://www.wikidata.org/entity/Q45481102,45058
孫可元,男,,,,N/A,N/A,N/A,http://www.wikidata.org/entity/Q45481425,45064
徐崇矩,男,,江寧,,N/A,N/A,N/A,http://www.wikidata.org/entity/Q45482339,45082
孫用和,男,,陝西路,,N/A,N/A,N/A,http://www.wikidata.org/entity/Q45482595,44964
趙令松,男,,,,N/A,N/A,N/A,http://www.wikidata.org/entity/Q45486971,50413
郭元方,男,,開封府,1064,N/A,N/A,N/A,http://www.wikidata.org/entity/Q45487337,45173
時光,男,,魏州,,N/A,N/A,N/A,http://www.wikidata.org/entity/Q45489199,45211
孫知微,男,,彭山,,N/A,N/A,N/A,http://www.wikidata.org/entity/Q45490162,45227
郭惟簡,男,,,,N/A,N/A,N/A,http://www.wikidata.org/entity/Q45491062,45241
時叔遠,男,,,,N/A,N/A,N/A,http://www.wikidata.org/entity/Q45496080,45327
荀信,男,,江南,,N/A,N/A,N/A,http://www.wikidata.org/entity/Q45497395,45349
趙君壽,男,,杭州,,N/A,N/A,N/A,http://www.wikidata.org/entity/Q45498871,50606
許迪,男,,常州,,N/A,N/A,N/A,http://www.wikidata.org/entity/Q45499158,45380
居寧,男,,常州,,N/A,N/A,N/A,http://www.wikidata.org/entity/Q45499289,45382
趙克敻,男,,,,N/A,N/A,N/A,http://www.wikidata.org/entity/Q45500628,50634
許龍湫,男,,,,N/A,N/A,N/A,http://www.wikidata.org/entity/Q45502319,45434
許中正,男,,,,N/A,N/A,N/A,http://www.wikidata.org/entity/Q45502517,45435
趙宗閔,男,,,,N/A,N/A,N/A,http://www.wikidata.org/entity/Q45503593,50687
曹瑩,男,,,,N/A,N/A,N/A,http://www.wikidata.org/entity/Q45507571,45528
趙叔儺,男,,,,N/A,N/A,N/A,http://www.wikidata.org/entity/Q45509787,50793
曹仁希,男,,常州,,N/A,N/A,N/A,http://www.wikidata.org/entity/Q45512135,45606
曹正國,男,,,,N/A,N/A,N/A,http://www.wikidata.org/entity/Q45512583,45614
釋梵隆,男,,湖州,,N/A,N/A,N/A,http://www.wikidata.org/entity/Q45512779,45619
曹申甫,男,,,,N/A,N/A,N/A,http://www.wikidata.org/entity/Q45512846,45620
趙時遠,男,,吳江,,N/A,N/A,N/A,http://www.wikidata.org/entity/Q45513544,50855
趙師宰,男,,,,N/A,N/A,N/A,http://www.wikidata.org/entity/Q45514570,50872
戚仲,男,,,,N/A,N/A,N/A,http://www.wikidata.org/entity/Q45516925,45695
楊士賢,男,,,,N/A,N/A,N/A,http://www.wikidata.org/entity/Q45517052,45697
張仲,男,0,江陰,0,N/A,N/A,N/A,http://www.wikidata.org/entity/Q45517954,14089
戚文秀,男,,,,N/A,N/A,N/A,http://www.wikidata.org/entity/Q45518148,45715
戚化元,男,,常州,,N/A,N/A,N/A,http://www.wikidata.org/entity/Q45518214,45716
張玄,男,,觀城,,N/A,N/A,N/A,http://www.wikidata.org/entity/Q45519701,13789
趙雲子,男,,,,N/A,N/A,N/A,http://www.wikidata.org/entity/Q45519857,50968
趙維城,男,,,,N/A,N/A,N/A,http://www.wikidata.org/entity/Q45523938,51033
王藹,男,,開封府,,N/A,N/A,N/A,http://www.wikidata.org/entity/Q45524296,45835
王藻,男,0,開封,0,N/A,N/A,N/A,http://www.wikidata.org/entity/Q45524361,16042
趙邈齪,男,,,,N/A,N/A,N/A,http://www.wikidata.org/entity/Q45525545,51062
甄慧,男,,應天府,,N/A,N/A,N/A,http://www.wikidata.org/entity/Q45526501,51077
王士元,男,,宛丘,,N/A,N/A,N/A,http://www.wikidata.org/entity/Q45526717,45879
蒙亨,男,0,開封,0,N/A,N/A,N/A,http://www.wikidata.org/entity/Q45527520,7054
王定國,男,0,郫縣,0,N/A,N/A,N/A,http://www.wikidata.org/entity/Q45527866,1790
蒲永昇,男,,成都,,N/A,N/A,N/A,http://www.wikidata.org/entity/Q45528160,51103
毌咸之,男,,江南,,N/A,N/A,N/A,http://www.wikidata.org/entity/Q45528436,45914
裴文睨,男,,開封府,,N/A,N/A,N/A,http://www.wikidata.org/entity/Q45529299,51125
老成,男,,洺州,,N/A,N/A,N/A,http://www.wikidata.org/entity/Q45529770,45941
熊應周,男,,江寧府,,N/A,N/A,N/A,http://www.wikidata.org/entity/Q45530195,51141
李昭,男,,閩縣,,N/A,N/A,N/A,http://www.wikidata.org/entity/Q45530920,688318
李隱,男,,贊皇,,N/A,N/A,N/A,http://www.wikidata.org/entity/Q45531372,33552
李友直,男,1134,餘姚,1199,N/A,N/A,N/A,http://www.wikidata.org/entity/Q45531691,18104
李思賢,男,,,,N/A,N/A,N/A,http://www.wikidata.org/entity/Q45531882,41303
李從訓,男,,錢塘,,N/A,N/A,N/A,http://www.wikidata.org/entity/Q45532774,40618
吳瓌,男,0,北海,0,N/A,N/A,N/A,http://www.wikidata.org/entity/Q45533801,22340
鄭天民,男,,,,N/A,N/A,N/A,http://www.wikidata.org/entity/Q45540737,51322
倪濤,男,,廣德軍,,N/A,N/A,N/A,http://www.wikidata.org/entity/Q45540823,46153
鄭希古,男,,河東,,N/A,N/A,N/A,http://www.wikidata.org/entity/Q45542589,51351
徐京,男,,,,N/A,N/A,N/A,http://www.wikidata.org/entity/Q45542611,46185
徐明,男,,,,N/A,N/A,N/A,http://www.wikidata.org/entity/Q45542804,46188
徐皋,男,,海州,,N/A,N/A,N/A,http://www.wikidata.org/entity/Q45544717,46218
厲昭慶,男,,豐城,,N/A,N/A,N/A,http://www.wikidata.org/entity/Q45546128,51412
徐世昌,男,,石城,,N/A,N/A,N/A,http://www.wikidata.org/entity/Q45548266,46278
徐世榮,男,,,,N/A,N/A,N/A,http://www.wikidata.org/entity/Q45548314,46279
鄧隱,男,,潼川府,,N/A,N/A,N/A,http://www.wikidata.org/entity/Q45548682,51459
徐改之,男,,,,N/A,N/A,N/A,http://www.wikidata.org/entity/Q45549034,46291
徐凱之,男,,,,N/A,N/A,N/A,http://www.wikidata.org/entity/Q45550988,46324
徐道廣,男,,杭州,,N/A,N/A,N/A,http://www.wikidata.org/entity/Q45551555,46333
歐陽楚翁,男,,,,N/A,N/A,N/A,http://www.wikidata.org/entity/Q45552387,51521
郗七,男,,洛陽,,N/A,N/A,N/A,http://www.wikidata.org/entity/Q45553495,46366
能成甫,男,,,,N/A,N/A,N/A,http://www.wikidata.org/entity/Q45553686,46370
蔣太尉,男,,,,N/A,N/A,N/A,http://www.wikidata.org/entity/Q45554703,51559
梁揆,男,,開封府,,N/A,N/A,N/A,http://www.wikidata.org/entity/Q45554809,46391
蔡規,男,,建昌軍,,N/A,N/A,N/A,http://www.wikidata.org/entity/Q45556528,51589
梁忠信,男,,開封府,,N/A,N/A,N/A,http://www.wikidata.org/entity/Q45556568,46423
蔡潤,男,,江寧府,,N/A,N/A,N/A,http://www.wikidata.org/entity/Q45557096,51598
商訓,男,,,,N/A,N/A,N/A,http://www.wikidata.org/entity/Q45558084,46447
魯莊,男,,杭州,,N/A,N/A,N/A,http://www.wikidata.org/entity/Q45559313,51635
魯宗貴,男,,錢塘,,N/A,N/A,N/A,http://www.wikidata.org/entity/Q45559572,51639
劉永,男,,開封府,,N/A,N/A,N/A,http://www.wikidata.org/entity/Q45561777,51681
劉浩,男,,無錫,,N/A,N/A,N/A,http://www.wikidata.org/entity/Q45564837,51735
劉浩,男,,無錫,,N/A,N/A,N/A,http://www.wikidata.org/entity/Q45564903,51735
劉益,男,0,須城,0,N/A,N/A,N/A,http://www.wikidata.org/entity/Q45565092,27054
劉寀,男,,開封府,,N/A,N/A,N/A,http://www.wikidata.org/entity/Q45566109,51755
連鰲,男,,吉州,,N/A,N/A,N/A,http://www.wikidata.org/entity/Q45566444,46588
劉常,男,,溫縣,,N/A,N/A,N/A,http://www.wikidata.org/entity/Q45566491,20413
劉瑗,男,0,安福,0,N/A,N/A,N/A,http://www.wikidata.org/entity/Q45568861,12226
劉銓,男,0,建陽,0,N/A,N/A,N/A,http://www.wikidata.org/entity/Q45570131,14976
張明,男,,,,N/A,N/A,N/A,http://www.wikidata.org/entity/Q45570675,46664
劉贊,男,,四川,,N/A,N/A,N/A,http://www.wikidata.org/entity/Q45572693,51863
張茂,男,0,姑臧,324,N/A,N/A,N/A,http://www.wikidata.org/entity/Q45572847,17857
劉耀,男,,,,N/A,N/A,N/A,http://www.wikidata.org/entity/Q45572977,51868
張紀,男,,,,N/A,N/A,N/A,http://www.wikidata.org/entity/Q45573193,46709
劉文通,男,,開封府,,N/A,N/A,N/A,http://www.wikidata.org/entity/Q45575128,51902
劉文惠,男,,,,N/A,N/A,N/A,http://www.wikidata.org/entity/Q45575260,51903
劉允文,男,,成都府,,N/A,N/A,N/A,http://www.wikidata.org/entity/Q45576022,51916
劉古心,男,,,,N/A,N/A,N/A,http://www.wikidata.org/entity/Q45577358,51939
劉仲先,男,,成都,,N/A,N/A,N/A,http://www.wikidata.org/entity/Q45578251,51955
劉仲懷,男,,山陰,,N/A,N/A,N/A,http://www.wikidata.org/entity/Q45578504,51962
劉宗古,男,,開封府,,N/A,N/A,N/A,http://www.wikidata.org/entity/Q45579774,51986
劉宗道,男,,開封府,,N/A,N/A,N/A,http://www.wikidata.org/entity/Q45580030,51990
張戡,男,,雄州,,N/A,N/A,N/A,http://www.wikidata.org/entity/Q45580446,46831
劉明仲,男,,,,N/A,N/A,N/A,http://www.wikidata.org/entity/Q45580935,52004
張著,男,,,,N/A,N/A,N/A,http://www.wikidata.org/entity/Q45580957,46838
劉思義,男,,,,N/A,N/A,N/A,http://www.wikidata.org/entity/Q45581773,52017
張戩,男,1030,郿縣,1076,N/A,N/A,N/A,http://www.wikidata.org/entity/Q45582435,13916
張諒,男,,,,N/A,N/A,N/A,http://www.wikidata.org/entity/Q45583008,46874
劉國用,男,,漢州,,N/A,N/A,N/A,http://www.wikidata.org/entity/Q45583129,52038
劉尊師,男,,阜城,,N/A,N/A,N/A,http://www.wikidata.org/entity/Q45583640,52046
劉道士,男,,江寧府,,N/A,N/A,N/A,http://www.wikidata.org/entity/Q45584416,52060
劉漢卿,男,,,,N/A,N/A,N/A,http://www.wikidata.org/entity/Q45584860,52068
劉夢良,男,,洪都,,N/A,N/A,N/A,http://www.wikidata.org/entity/Q45585245,52074
劉履中,男,,開封府,,N/A,N/A,N/A,http://www.wikidata.org/entity/Q45585569,52080
張翼,男,,樂昌,,N/A,N/A,N/A,http://www.wikidata.org/entity/Q45586068,686453
龍升,男,,,,N/A,N/A,N/A,http://www.wikidata.org/entity/Q45586739,52101
張舉,男,,懷州,,N/A,N/A,N/A,http://www.wikidata.org/entity/Q45586837,46936
龍祥,男,,四川,,N/A,N/A,N/A,http://www.wikidata.org/entity/Q45586932,52104
張鎰,男,0,吳縣,0,N/A,N/A,N/A,http://www.wikidata.org/entity/Q45587346,33096
霍适,男,,渭州,,N/A,N/A,N/A,http://www.wikidata.org/entity/Q45587639,52116
燕文季,男,,吳興郡,,N/A,N/A,N/A,http://www.wikidata.org/entity/Q45588151,42189
閻仲,男,,,,N/A,N/A,N/A,http://www.wikidata.org/entity/Q45588406,52128
閻士安,男,,宛丘,,N/A,N/A,N/A,http://www.wikidata.org/entity/Q45589034,52138
閻次平,男,,,,N/A,N/A,N/A,http://www.wikidata.org/entity/Q45589481,52145
閻次安,男,,,,N/A,N/A,N/A,http://www.wikidata.org/entity/Q45589546,52146
盧章,男,,開封府,,N/A,N/A,N/A,http://www.wikidata.org/entity/Q45591329,52175
盧象先,男,,,,N/A,N/A,N/A,http://www.wikidata.org/entity/Q45593875,52215
盧道寧,男,,,,N/A,N/A,N/A,http://www.wikidata.org/entity/Q45594002,52217
戰德淳,男,,,,N/A,N/A,N/A,http://www.wikidata.org/entity/Q45594193,52220
蕭太虛,男,,,,N/A,N/A,N/A,http://www.wikidata.org/entity/Q45595216,52236
衛松,男,0,,0,N/A,N/A,N/A,http://www.wikidata.org/entity/Q45596543,39589
衛光遠,男,,,,N/A,N/A,N/A,http://www.wikidata.org/entity/Q45597044,52265
張希顏,男,0,,0,N/A,N/A,N/A,http://www.wikidata.org/entity/Q45598002,20689
張宗古,男,0,江都,0,N/A,N/A,N/A,http://www.wikidata.org/entity/Q45598950,7170
張思義,男,0,猗氏,0,N/A,N/A,N/A,http://www.wikidata.org/entity/Q45601308,32015
張訓禮,男,,,,N/A,N/A,N/A,http://www.wikidata.org/entity/Q45602252,47198
謝昇,男,,杭州,,N/A,N/A,N/A,http://www.wikidata.org/entity/Q45603454,52377
張敏叔,男,,,,N/A,N/A,N/A,http://www.wikidata.org/entity/Q45604625,47236
張無惑,男,,,,N/A,N/A,N/A,http://www.wikidata.org/entity/Q45606091,47262
張嗣昌,男,,,,N/A,N/A,N/A,http://www.wikidata.org/entity/Q45607044,47277
張萬成,男,,,,N/A,N/A,N/A,http://www.wikidata.org/entity/Q45607111,47279
韓若拙,男,,洛陽,,N/A,N/A,N/A,http://www.wikidata.org/entity/Q45611959,52539
陳左,男,,,,N/A,N/A,N/A,http://www.wikidata.org/entity/Q45612510,47371
陳坦,男,,并州,,N/A,N/A,N/A,http://www.wikidata.org/entity/Q45614824,47408
薛彥晦,男,,,,N/A,N/A,N/A,http://www.wikidata.org/entity/Q45614977,52594
鍾文秀,男,,開封府,,N/A,N/A,N/A,http://www.wikidata.org/entity/Q45616295,52616
陳珏,男,0,沙縣,0,N/A,N/A,N/A,http://www.wikidata.org/entity/Q45616586,13703
戴琬,男,,開封府,,N/A,N/A,N/A,http://www.wikidata.org/entity/Q45619435,52667
陳常,男,,江南,,N/A,N/A,N/A,http://www.wikidata.org/entity/Q45619733,47495
豐興祖,男,,錢塘,,N/A,N/A,N/A,http://www.wikidata.org/entity/Q45621079,52693
儲大有,男,,,,N/A,N/A,N/A,http://www.wikidata.org/entity/Q45621837,52705
陳椿,男,,杭州,,N/A,N/A,N/A,http://www.wikidata.org/entity/Q45623456,47556
魏燮,男,,,,N/A,N/A,N/A,http://www.wikidata.org/entity/Q45623513,52732
魏觀察,男,,,,N/A,N/A,N/A,http://www.wikidata.org/entity/Q45624717,52752
龐崇穆,男,,北平,,N/A,N/A,N/A,http://www.wikidata.org/entity/Q45625283,52764
譚宏,男,,成都,,N/A,N/A,N/A,http://www.wikidata.org/entity/Q45625347,52765
譚季蕭,男,,,,N/A,N/A,N/A,http://www.wikidata.org/entity/Q45625981,52776
羅存,男,,開封府,,N/A,N/A,N/A,http://www.wikidata.org/entity/Q45627189,52796
羅仲通,男,,開封府,,N/A,N/A,N/A,http://www.wikidata.org/entity/Q45628759,52828
羅勝先,男,,,,N/A,N/A,N/A,http://www.wikidata.org/entity/Q45630097,52849
蘇堅,男,0,丹徒,0,N/A,N/A,N/A,http://www.wikidata.org/entity/Q45633299,21239
蘇晉卿,男,,開封府,,N/A,N/A,N/A,http://www.wikidata.org/entity/Q45634897,52931
蘇顯祖,男,,錢塘,,N/A,N/A,N/A,http://www.wikidata.org/entity/Q45635647,52943
陳用志,男,,郾城,,N/A,N/A,N/A,http://www.wikidata.org/entity/Q45636704,47783
陳自然,男,,,,N/A,N/A,N/A,http://www.wikidata.org/entity/Q45638129,47806
陳庚生,男,,樂清,,N/A,N/A,N/A,http://www.wikidata.org/entity/Q45641015,47855
陳宗訓,男,,杭州,,N/A,N/A,N/A,http://www.wikidata.org/entity/Q45641265,47859
釋大椿,男,,湘陰,,N/A,N/A,N/A,http://www.wikidata.org/entity/Q45641652,53038
陳直躬,男,,高郵,,N/A,N/A,N/A,http://www.wikidata.org/entity/Q45642205,47875
釋月篷,男,,,,N/A,N/A,N/A,http://www.wikidata.org/entity/Q45645440,53098
釋仁濟,男,,,,N/A,N/A,N/A,http://www.wikidata.org/entity/Q45645756,53104
陳清波,男,,錢塘,,N/A,N/A,N/A,http://www.wikidata.org/entity/Q45646139,47944
釋可宗,男,,,,N/A,N/A,N/A,http://www.wikidata.org/entity/Q45646631,53118
釋令宗,男,,成都府,,N/A,N/A,N/A,http://www.wikidata.org/entity/Q45648686,53151
陳虞之,男,,永嘉,,N/A,N/A,N/A,http://www.wikidata.org/entity/Q45649263,48000
陸青,男,,,,N/A,N/A,N/A,http://www.wikidata.org/entity/Q45653919,48080
陸琮,男,1017,宣城,1082,N/A,N/A,N/A,http://www.wikidata.org/entity/Q45654355,18165
陸瑾,男,0,平湖,0,N/A,N/A,N/A,http://www.wikidata.org/entity/Q45654715,33789
釋志堅,男,,四川,,N/A,N/A,N/A,http://www.wikidata.org/entity/Q45654787,53250
陸文通,男,,江南,,N/A,N/A,N/A,http://www.wikidata.org/entity/Q45655192,48101
陸仲明,男,,,,N/A,N/A,N/A,http://www.wikidata.org/entity/Q45655495,48106
陸懷道,男,,,,N/A,N/A,N/A,http://www.wikidata.org/entity/Q45656514,48124
陶忠,男,,絳州,,N/A,N/A,N/A,http://www.wikidata.org/entity/Q45656697,48127
陶裔,男,,鄠縣,,N/A,N/A,N/A,http://www.wikidata.org/entity/Q45656939,48131
梅行思,男,,江南,,N/A,N/A,N/A,http://www.wikidata.org/entity/Q45657904,48148
釋法能,男,,,,N/A,N/A,N/A,http://www.wikidata.org/entity/Q45659365,53324
釋法常,男,,開封府,1180-01-01,N/A,N/A,N/A,http://www.wikidata.org/entity/Q45659552,53327
崔愨,男,,濠州,,N/A,N/A,N/A,http://www.wikidata.org/entity/Q45660120,48188
崔友諒,男,,江寧府,,N/A,N/A,N/A,http://www.wikidata.org/entity/Q45660604,48196
畢生,男,,平江府,,N/A,N/A,N/A,http://www.wikidata.org/entity/Q45662513,48228
釋彥深,男,,,,N/A,N/A,N/A,http://www.wikidata.org/entity/Q45664391,53408
符道隱,男,,長安,,N/A,N/A,N/A,http://www.wikidata.org/entity/Q45665291,48283
釋思淨,男,,錢塘,1137-01-01,N/A,N/A,N/A,http://www.wikidata.org/entity/Q45665292,53424
馮清,男,,閿鄉,,N/A,N/A,N/A,http://www.wikidata.org/entity/Q45666495,48309
馮覲,男,,開封府,,N/A,N/A,N/A,http://www.wikidata.org/entity/Q45667715,48333
馮曠,男,,河南,,N/A,N/A,N/A,http://www.wikidata.org/entity/Q45667767,48334
馮久照,男,,汾州,,N/A,N/A,N/A,http://www.wikidata.org/entity/Q45668176,48342
釋真慧,男,,杭州,,N/A,N/A,N/A,http://www.wikidata.org/entity/Q45668219,53478
釋修範,男,,鎮江府,,N/A,N/A,N/A,http://www.wikidata.org/entity/Q45668589,53485
馮進城,男,,江南,,N/A,N/A,N/A,http://www.wikidata.org/entity/Q45669990,48379
游昭,男,,鎮江府,,N/A,N/A,N/A,http://www.wikidata.org/entity/Q45670454,48393
湯子昇,男,,四川,,N/A,N/A,N/A,http://www.wikidata.org/entity/Q45671818,48426
童仁益,男,,四川,,N/A,N/A,N/A,http://www.wikidata.org/entity/Q45673011,48453
釋敏行,男,,彭州,,N/A,N/A,N/A,http://www.wikidata.org/entity/Q45673015,53576
甯久中,男,,華陰,,N/A,N/A,N/A,http://www.wikidata.org/entity/Q45673459,48469
曾士賢,男,,,,N/A,N/A,N/A,http://www.wikidata.org/entity/Q45675101,48511
釋惠崇,男,,淮南路,,N/A,N/A,N/A,http://www.wikidata.org/entity/Q45675540,53637
釋超然,男,,,,N/A,N/A,N/A,http://www.wikidata.org/entity/Q45675896,53646
釋虛己,男,,,,N/A,N/A,N/A,http://www.wikidata.org/entity/Q45676092,53651
釋智平,男,,,,N/A,N/A,N/A,http://www.wikidata.org/entity/Q45676668,53666
釋智源,男,,遂寧,,N/A,N/A,N/A,http://www.wikidata.org/entity/Q45677424,53687
黃益,男,,,,N/A,N/A,N/A,http://www.wikidata.org/entity/Q45677964,48595
釋道宏,男,,峨眉,,N/A,N/A,N/A,http://www.wikidata.org/entity/Q45678874,53728
黃齊,男,,金谿,1165,N/A,N/A,N/A,http://www.wikidata.org/entity/Q45679595,25600
黃廣,男,,靖州,,N/A,N/A,N/A,http://www.wikidata.org/entity/Q45679996,48661
黃彝,男,0,崇寧,0,N/A,N/A,N/A,http://www.wikidata.org/entity/Q45680940,23655
釋傳古,男,,明州,,N/A,N/A,N/A,http://www.wikidata.org/entity/Q45680974,53788
釋夢林,男,,江南,,N/A,N/A,N/A,http://www.wikidata.org/entity/Q45681405,53801
釋慧亨,男,,,,N/A,N/A,N/A,http://www.wikidata.org/entity/Q45682372,53831
釋慧淵,男,,,,N/A,N/A,N/A,http://www.wikidata.org/entity/Q45682639,53839
釋慧崇,男,,建陽,,N/A,N/A,N/A,http://www.wikidata.org/entity/Q45682838,53845
釋德止,男,,,,N/A,N/A,N/A,http://www.wikidata.org/entity/Q45683400,53862
黃庭浩,男,,,,N/A,N/A,N/A,http://www.wikidata.org/entity/Q45684051,48791
黃斌老,男,,潼川府,,N/A,N/A,N/A,http://www.wikidata.org/entity/Q45684242,48797
黃與迪,男,,,,N/A,N/A,N/A,http://www.wikidata.org/entity/Q45685146,48827
黃懷玉,男,,華原,,N/A,N/A,N/A,http://www.wikidata.org/entity/Q45685812,48848
費道寧,男,,懷安,,N/A,N/A,N/A,http://www.wikidata.org/entity/Q45686349,48866
盛師顏,男,,江寧府,,N/A,N/A,N/A,http://www.wikidata.org/entity/Q45686633,48875
單煒,男,,,,N/A,N/A,N/A,http://www.wikidata.org/entity/Q45689834,48990
單邦顯,男,,平江府,,N/A,N/A,N/A,http://www.wikidata.org/entity/Q45689955,48994
喬鍾馗,男,,,,N/A,N/A,N/A,http://www.wikidata.org/entity/Q45690483,49022
焦錫,男,,無為,,N/A,N/A,N/A,http://www.wikidata.org/entity/Q45690602,49026
傅逸,男,,開封,,N/A,N/A,N/A,http://www.wikidata.org/entity/Q45691340,49053
程堂,男,,眉山,,N/A,N/A,N/A,http://www.wikidata.org/entity/Q45692862,49111
程若筠,男,,,,N/A,N/A,N/A,http://www.wikidata.org/entity/Q45694192,49180
雍巘,男,,興元府,,N/A,N/A,N/A,http://www.wikidata.org/entity/Q45695817,49242
雍秀才,男,,,,N/A,N/A,N/A,http://www.wikidata.org/entity/Q45695898,49245
賈師古,男,,開封府,,N/A,N/A,N/A,http://www.wikidata.org/entity/Q45696781,49287
雷宗道,男,,商州,,N/A,N/A,N/A,http://www.wikidata.org/entity/Q45697408,49313
雷殿直,男,,,,N/A,N/A,N/A,http://www.wikidata.org/entity/Q45697461,49315
楊祁,男,,彭州,,N/A,N/A,N/A,http://www.wikidata.org/entity/Q45698439,49355
楊威,男,,絳州,,N/A,N/A,N/A,http://www.wikidata.org/entity/Q45698700,49371
楊朏,男,0,閩縣,0,N/A,N/A,N/A,http://www.wikidata.org/entity/Q45698855,24897
楊棐,男,,開封府,,N/A,N/A,N/A,http://www.wikidata.org/entity/Q45699854,49422
楊傑,男,,冀寧路,,N/A,N/A,N/A,http://www.wikidata.org/entity/Q45699932,12988
楊暉,男,,,,N/A,N/A,N/A,http://www.wikidata.org/entity/Q45700301,49439
楊寵,男,,成都,,N/A,N/A,N/A,http://www.wikidata.org/entity/Q45701285,49485
楊大明,男,,,,N/A,N/A,N/A,http://www.wikidata.org/entity/Q45701558,49498
楊日言,男,,開封府,,N/A,N/A,N/A,http://www.wikidata.org/entity/Q45701829,49509
楊世昌,男,,,,N/A,N/A,N/A,http://www.wikidata.org/entity/Q45702035,49518
楊安道,男,,江州,,N/A,N/A,N/A,http://www.wikidata.org/entity/Q45702292,49529
楊吉老,男,,,,N/A,N/A,N/A,http://www.wikidata.org/entity/Q45702427,49535
林椿,男,0,錢塘,0,N/A,宋朝画家,N/A,http://www.wikidata.org/entity/Q45381344,15917
吳炳,男,,常州,,N/A,南宋画家,N/A,http://www.wikidata.org/entity/Q45433586,41717
方氏,女,1193,浮梁,1275,N/A,陳暉兒媳,N/A,http://www.wikidata.org/entity/Q45429392,28701
章程,男,0,永康,0,N/A,宋代画家,N/A,http://www.wikidata.org/entity/Q45483490,14063
范寬,男,0,耀州 (古代),0,N/A,北宋画家,N/A,http://www.wikidata.org/entity/Q1278559,38864
林庭珪,男,N/A,N/A,N/A,N/A,南宋代画家,N/A,http://www.wikidata.org/entity/Q3241242,
郭思,男,0,河陽,0,N/A,北宋画家,N/A,http://www.wikidata.org/entity/Q27921445,316
賈祥,男,,開封府,,N/A,宋朝太监、画家,N/A,http://www.wikidata.org/entity/Q45696188,49258
艳艳女史,女,N/A,N/A,N/A,N/A,宋朝女画家,N/A,http://www.wikidata.org/entity/Q133836287,
马远,男,http://www.wikidata.org/.well-known/genid/43bdbf9dd592b6eee11ff289f3b8247a,杭州市,1225-01-01,http://www.wikidata.org/.well-known/genid/7cf7f42e3b082934f3244910acdbbe60,南宋画家,N/A,http://www.wikidata.org/entity/Q433603,44099
釋德正,男,0877-01-01,長洲,0949-01-01,N/A,N/A,N/A,http://www.wikidata.org/entity/Q45379516,14342
徐熙,男,0886-01-01,南京市,0975-01-01,南唐,N/A,N/A,http://www.wikidata.org/entity/Q3136543,45077
黄荃,男,0903-01-01,成都市,0965-01-01,N/A,五代十國時期西蜀的畫家,N/A,http://www.wikidata.org/entity/Q32086,55883
昝居潤,男,0908-01-01,高唐,0966-01-01,N/A,N/A,N/A,http://www.wikidata.org/entity/Q45435345,44076
周文矩,男,0917-01-01,南京市,0975-01-01,N/A,N/A,N/A,http://www.wikidata.org/entity/Q835924,42602
李成,男,0919-01-01,潍坊市,0967-01-01,淮阳区,五代、北宋时期画家,http://commons.wikimedia.org/wiki/Special:FilePath/%E6%9D%8E%E6%88%90%20%E9%9D%92%E5%B7%9E%E6%9D%8E%E6%88%90%E7%B4%80%E5%BF%B5%E9%A4%A8%E5%85%A7.jpg,http://www.wikidata.org/entity/Q716242,506681
李穆,男,0928-01-01,陽武,0984-01-01,N/A,N/A,N/A,http://www.wikidata.org/entity/Q45366409,8080
黃居寀,男,0933-01-01,成都市,0993-01-01,N/A,宋初著名画家,http://commons.wikimedia.org/wiki/Special:FilePath/Huang%20Jucai%20-%20Parrot%20and%20insect%20among%20pear%20blossoms%20-%20Google%20Art%20Project.jpg,http://www.wikidata.org/entity/Q3141837,41485
顾闳中,男,0937-01-01,江寧府,0975-01-01,N/A,南唐画家,http://commons.wikimedia.org/wiki/Special:FilePath/Gu%20Hongzhong%27s%20Night%20Revels%2C%20Detail%201.jpg,http://www.wikidata.org/entity/Q740673,39098
吳淑,男,0947-01-01,丹陽,1002-01-01,N/A,N/A,N/A,http://www.wikidata.org/entity/Q9620544,12238
赵干,男,0950-01-01,虞城,1003,N/A,N/A,N/A,http://www.wikidata.org/entity/Q3575391,15758
郭忠恕,男,0950-01-01,洛陽市,0977-01-01,临邑县,北宋画家,N/A,http://www.wikidata.org/entity/Q877224,33480
祁序,男,0950-01-01,江南,,N/A,宋朝画家,N/A,http://www.wikidata.org/entity/Q16128506,42206
陳文頊,男,0958-01-01,仙遊,0992-01-01,N/A,N/A,N/A,http://www.wikidata.org/entity/Q45368394,10472
趙昌,男,0960-01-01,广汉市,1016-01-01,N/A,N/A,N/A,http://www.wikidata.org/entity/Q3575387,24404
燕文貴,男,0967-01-01,吳興郡,1044-01-01,N/A,N/A,N/A,http://www.wikidata.org/entity/Q3206102,42189
錢易,男,0968-01-01,錢塘,1026-01-01,N/A,N/A,http://commons.wikimedia.org/wiki/Special:FilePath/%E9%8C%A2%E6%98%93%20%28%E5%AE%8B%E6%9C%9D%29.jpg,http://www.wikidata.org/entity/Q15933289,146
许道宁,男,0970-01-01,長安,1052-01-01,N/A,N/A,N/A,http://www.wikidata.org/entity/Q1273590,791
武宗元,男,0980-01-01,孟津区,1050-01-01,N/A,N/A,N/A,http://www.wikidata.org/entity/Q6769910,42249
张先,男,0990-01-01,開封,1078-01-01,N/A,宋朝詞人,N/A,http://www.wikidata.org/entity/Q8070342,13742
徐崇嗣,男,0999-01-01,江寧,http://www.wikidata.org/.well-known/genid/9e1a45e0822fa78479c488a1ea39cfd3,N/A,N/A,N/A,http://www.wikidata.org/entity/Q45482080,45078
巨然,男,1000-01-01,南昌市,1000-01-01,N/A,N/A,N/A,http://www.wikidata.org/entity/Q2671678,53139
崔白,男,1000-01-01,凤阳县,1074-01-01,N/A,宋朝画家,N/A,http://www.wikidata.org/entity/Q709216,37775
易元吉,男,1000-01-01,長沙,1064-01-01,N/A,北宋画家,N/A,http://www.wikidata.org/entity/Q1261786,42866
何受,男,1006-01-01,南安,1081-01-01,N/A,N/A,N/A,http://www.wikidata.org/entity/Q45432419,41897
章友直,男,1006-01-01,浦城,1062-01-01,N/A,北宋篆刻家,N/A,http://www.wikidata.org/entity/Q45379118,14074
李端懿,男,1013-01-01,開封,1060-01-01,N/A,N/A,N/A,http://www.wikidata.org/entity/Q28416346,3543
宋道,男,1014-01-01,洛陽,1083-01-01,N/A,N/A,N/A,http://www.wikidata.org/entity/Q45362538,3803
文同,男,1018-01-01,盐亭县,1079-01-01,湖州市,中国宋朝画家,N/A,http://www.wikidata.org/entity/Q1288620,10173
郭熙,男,1020-01-01,温县,1090-01-01,開封市,N/A,N/A,http://www.wikidata.org/entity/Q536645,19509
王安石,男,1021-12-14,临川区,1086-05-27,南京市,中国宋朝的政治家、文学家、思想家（1021-1086）,http://commons.wikimedia.org/wiki/Special:FilePath/%E6%AD%B7%E4%BB%A3%E8%81%96%E8%B3%A2%E5%90%8D%E4%BA%BA%E5%83%8F-29-%E5%AE%8B%E4%B8%9E%E7%9B%B8%E7%8E%8B%E8%8D%86%E5%85%AC%E5%AE%89%E7%9F%B3.jpg,http://www.wikidata.org/entity/Q319618,1762
屈鼎,男,1023-01-01,開封市,1056-01-01,N/A,N/A,N/A,http://www.wikidata.org/entity/Q7268210,42186
朱长文,男,1039-01-01,苏州市,1098-01-01,N/A,N/A,N/A,http://www.wikidata.org/entity/Q11094899,11316
刘巨济,男,1043-01-01,N/A,N/A,N/A,N/A,N/A,http://www.wikidata.org/entity/Q30947063,
黃庭堅,男,1045-01-01,修水县,1105-01-01,苍南县,北宋詩人、書法家 (1045–1105),http://commons.wikimedia.org/wiki/Special:FilePath/Huang%20Tingjian.png,http://www.wikidata.org/entity/Q709460,7111
李唐,男,1049-01-01,孟州市,1130-01-01,杭州市,N/A,N/A,http://www.wikidata.org/entity/Q716331,40532
李公麟,男,1049-01-01,桐城市,1106-01-01,N/A,北宋画家（1049—1106）,http://commons.wikimedia.org/wiki/Special:FilePath/%E6%9D%8E%E5%85%AC%E9%BA%9F.jpg,http://www.wikidata.org/entity/Q716389,19865
趙令穰,男,1050-01-01,,,N/A,N/A,N/A,http://www.wikidata.org/entity/Q3575394,50461
釋仲仁,男,1050-01-01,紹興市,1123-01-01,N/A,N/A,N/A,http://www.wikidata.org/entity/Q3575428,53205
李玮,男,1050-01-01,開封,0,N/A,N/A,N/A,http://www.wikidata.org/entity/Q28415654,19294
米芾,男,1051-12-10,江苏省,1107-01-01,開封市,N/A,http://commons.wikimedia.org/wiki/Special:FilePath/%E7%B1%B3%E8%8A%BE.jpg,http://www.wikidata.org/entity/Q320129,3676
晁无咎,男,1053-01-01,N/A,1110-01-01,盱眙县,N/A,http://commons.wikimedia.org/wiki/Special:FilePath/%E6%99%81%E8%A3%9C%E4%B9%8B.jpg,http://www.wikidata.org/entity/Q5945163,
晁說之,男,1059-01-01,上元,1129-01-01,N/A,N/A,N/A,http://www.wikidata.org/entity/Q11089173,3029
蘇過,男,1072-01-01,眉山,1123-01-01,N/A,N/A,N/A,http://www.wikidata.org/entity/Q10514231,19168
翟汝文,男,1076-01-01,常熟,,N/A,N/A,N/A,http://www.wikidata.org/entity/Q45366559,8128
黃伯思,男,1079-01-01,邵武,1118-01-01,N/A,N/A,N/A,http://www.wikidata.org/entity/Q11175975,7030
朱敦儒,男,1081-01-01,保昌,1159-01-01,N/A,N/A,N/A,http://www.wikidata.org/entity/Q11094141,16669
宋徽宗,男,1082-11-08,開封市,1135-06-11,依兰县,宋朝第8位皇帝,http://commons.wikimedia.org/wiki/Special:FilePath/HuizongHui.jpg,http://www.wikidata.org/entity/Q7486,
米友仁,男,1086-01-01,太原市,1165-01-01,N/A,12世紀的畫家,N/A,http://www.wikidata.org/entity/Q3178580,1366
樓璹,男,1090-01-01,鄞縣,,N/A,N/A,N/A,http://www.wikidata.org/entity/Q11121091,1265
徐兢,男,1091-01-01,弋陽,1153-01-01,N/A,N/A,N/A,http://www.wikidata.org/entity/Q45361363,3378
楊无咎,男,1097-01-01,清江,1171-01-01,N/A,宋朝画家,N/A,http://www.wikidata.org/entity/Q8048362,49504
苏汉臣,男,1101-01-01,開封市,1161-01-01,杭州市,N/A,N/A,http://www.wikidata.org/entity/Q12158485,45060
趙楷,男,1101-01-01,,1130-08-01,N/A,宋徽宗之子,N/A,http://www.wikidata.org/entity/Q15927754,38031
仁懷皇后; 朱皇后,女,1102-01-01,開封市,1127-01-01,N/A,宋欽宗皇后，靖康之禍後被俘北上。,http://commons.wikimedia.org/wiki/Special:FilePath/B%20Song%20Dynasty%20Empress%20of%20Qinzong.JPG,http://www.wikidata.org/entity/Q3808923,
釋智融,男,1114-01-01,,1193-01-01,N/A,N/A,N/A,http://www.wikidata.org/entity/Q45677745,53696
任源,男,1116-01-01,保寧,0,N/A,N/A,N/A,http://www.wikidata.org/entity/Q45404753,23675
曾敏行,男,1118-01-01,新淦,1175-01-01,N/A,N/A,N/A,http://www.wikidata.org/entity/Q45376964,13236
赵伯驹,男,1120-01-01,吳縣,1182-01-01,N/A,N/A,N/A,http://www.wikidata.org/entity/Q3372429,25534
趙伯驌,男,1124-01-01,吳縣,1182-01-01,N/A,N/A,N/A,http://www.wikidata.org/entity/Q45408264,25533
鄭倫,男,1135-01-01,閩縣,1195-01-01,N/A,N/A,N/A,http://www.wikidata.org/entity/Q45536518,51249
趙師,男,1148-01-01,鄞縣,1217-01-01,N/A,N/A,N/A,http://www.wikidata.org/entity/Q45408267,15673
韓拙,男,1150-01-01,南陽,,N/A,N/A,N/A,http://www.wikidata.org/entity/Q3126647,52474
馬賁,男,1150-01-01,河中府,0,N/A,N/A,N/A,http://www.wikidata.org/entity/Q3273440,38206
馬公顯,男,1150-01-01,河中府,,N/A,N/A,N/A,http://www.wikidata.org/entity/Q3273444,44312
馬逵,男,1150-01-01,河中府,,N/A,N/A,N/A,http://www.wikidata.org/entity/Q3273450,44019
馬世榮,男,1150-01-01,天山,0,N/A,N/A,N/A,http://www.wikidata.org/entity/Q3273462,24600
馬興祖,男,1150-01-01,河中府,,N/A,N/A,N/A,http://www.wikidata.org/entity/Q3273473,44316
毛松,男,1150-01-01,崑山,0,N/A,N/A,N/A,http://www.wikidata.org/entity/Q3287195,38539
萧照,男,1150-01-01,获泽县,0,N/A,N/A,N/A,http://www.wikidata.org/entity/Q3570963,39495
馬和之,男,1150-01-01,錢塘,,N/A,N/A,N/A,http://www.wikidata.org/entity/Q5158780,44736
黄由,男,1150-01-01,苏州市,0,N/A,N/A,N/A,http://www.wikidata.org/entity/Q10567264,18954
周季常,男,1150-01-01,N/A,http://www.wikidata.org/.well-known/genid/4546d38323d7807c603cfd90fbf26952,N/A,宋代画家,N/A,http://www.wikidata.org/entity/Q3575433,
劉賢妃,女,1150-01-01,N/A,1187-01-01,N/A,趙構貴妃,N/A,http://www.wikidata.org/entity/Q8251827,
毛益,男,1150-01-01,崑山,0,N/A,12世纪中国画家,N/A,http://www.wikidata.org/entity/Q3287196,38515
高翥,男,1170-01-01,餘姚,1241-01-01,N/A,N/A,http://commons.wikimedia.org/wiki/Special:FilePath/%E5%AE%8B%E4%BB%A3%E9%AB%98%E7%BF%A5%E7%95%AB%E5%83%8F.png,http://www.wikidata.org/entity/Q10566814,30227
劉松年,男,1174-01-01,杭州市,1224-01-01,杭州市,南宋画家,N/A,http://www.wikidata.org/entity/Q3083484,52001
無準師範,男,1177-01-01,梓潼县,1249-01-01,浙江省,南宋禪門高僧,http://commons.wikimedia.org/wiki/Special:FilePath/Chinesischer%20Maler%20von%201238%20001.jpg,http://www.wikidata.org/entity/Q632765,
马麟,男,1180-01-01,河中府,1256-01-01,N/A,南宋画家,N/A,http://www.wikidata.org/entity/Q637407,44218
趙葵,男,1186-01-01,衡山,1266-01-01,N/A,N/A,N/A,http://www.wikidata.org/entity/Q15929761,15219
林希逸,男,1193-01-01,福清,1271-01-01,N/A,N/A,N/A,http://www.wikidata.org/entity/Q10346962,11087
葛長庚,男,1194-01-01,閩清,1229,N/A,N/A,N/A,http://www.wikidata.org/entity/Q45406013,24353
周弼,男,1194-01-01,汝陽,1255-01-01,N/A,N/A,N/A,http://www.wikidata.org/entity/Q45430855,40170
夏圭,男,1195-01-01,杭州市,1224-01-01,N/A,N/A,N/A,http://www.wikidata.org/entity/Q1360244,285017
宋伯仁,男,1197-01-01,湖州,1235-01-01,N/A,N/A,N/A,http://www.wikidata.org/entity/Q45369016,10664
王柏,男,1197-01-01,金華,1274-01-01,N/A,N/A,N/A,http://www.wikidata.org/entity/Q45369145,10706
趙孟堅,男,1199-01-01,海盐县,1295-01-01,N/A,N/A,N/A,http://www.wikidata.org/entity/Q2912463,15106
梁楷,男,1200-01-01,山東省,1300-01-01,N/A,N/A,N/A,http://www.wikidata.org/entity/Q740332,20057
陈容,男,1200-01-01,长乐区,1266-01-01,N/A,南宋画家,http://commons.wikimedia.org/wiki/Special:FilePath/Nine-Dragons1.jpg,http://www.wikidata.org/entity/Q2739948,25858
牧谿,男,1210-01-01,四川省,1269-01-01,杭州市,N/A,N/A,http://www.wikidata.org/entity/Q3048317,
钱选,男,1235-01-01,吴兴区,http://www.wikidata.org/.well-known/genid/aea1ffa6b3bc870a41f81744cc26b135,N/A,宋末元初画家,N/A,http://www.wikidata.org/entity/Q951585,16227
趙孟奎,男,1237-01-01,安福,,N/A,N/A,N/A,http://www.wikidata.org/entity/Q45394705,20254
韩希孟,女,1241-01-01,巴陵,1259-01-01,N/A,N/A,N/A,http://www.wikidata.org/entity/Q4495606,52533
宋汝志,男,1250-01-01,錢塘,,N/A,N/A,N/A,http://www.wikidata.org/entity/Q16137271,40220
陈琳,男,1260-01-01,杭州市,1320-01-01,N/A,元代画家,N/A,http://www.wikidata.org/entity/Q5090848,14334
